Arc_length vs Data,001_12months_DTI_antsBM,002_12months_DTI_antsBM,007_12months_DTI_antsBM,008_12months_DTI_antsBM,010_10months_DTI_antsBM,012_14months_DTI_antsBM,014_13months_DTI_antsBM,016_12months_DTI_antsBM,017_11months_DTI_antsBM,018_11months_DTI_antsBM,019_12months_DTI_antsBM,020_11months_DTI_antsBM,020_14months_DTI_antsBM,021_11months_DTI_antsBM,022_11months_DTI_antsBM,022_14months_DTI_antsBM,023_11months_DTI_antsBM,025_10months_DTI_antsBM,025_13months_DTI_antsBM,026_11months_DTI_antsBM,028_10months_DTI_antsBM,028_13months_DTI_antsBM,029_12months_DTI_antsBM,031_10months_DTI_antsBM,031_13months_DTI_antsBM,032_12months_DTI_antsBM,033_10months_DTI_antsBM,033_13months_DTI_antsBM,034_12months_DTI_antsBM
-28.7101,0.229879,0.257168,0.20283,0.262984,0.254966,0.290414,0.257017,0.253441,0.277849,0.273764,0.216142,0.210838,0.224453,0.197552,0.237175,0.218983,0.238839,0.229318,0.2313,0.243435,0.257465,0.263269,0.231492,0.232932,0.233323,0.204192,0.237882,0.238749,0.216518
-28.2101,0.258783,0.286437,0.233855,0.288082,0.286674,0.314595,0.284027,0.281055,0.303133,0.286675,0.245069,0.238956,0.253216,0.22386,0.27013,0.246585,0.2734,0.253543,0.262683,0.269702,0.284559,0.290759,0.257164,0.264848,0.262621,0.235982,0.2653,0.268074,0.247971
-27.7101,0.286088,0.312646,0.26178,0.30862,0.315785,0.337318,0.305089,0.304106,0.321078,0.296411,0.269039,0.264846,0.277157,0.245843,0.296462,0.270298,0.301105,0.273408,0.288978,0.293036,0.30668,0.312711,0.279862,0.290328,0.288389,0.262375,0.288339,0.293787,0.272952
-27.2101,0.319803,0.34461,0.296173,0.333383,0.351454,0.365347,0.329109,0.332381,0.33852,0.308274,0.297547,0.296889,0.304737,0.271439,0.32502,0.297756,0.332185,0.297068,0.319283,0.322987,0.331641,0.337979,0.308303,0.320471,0.319917,0.292775,0.315654,0.3254,0.302544
-26.7101,0.350639,0.372106,0.326754,0.353649,0.383788,0.390046,0.347421,0.35649,0.347382,0.317503,0.321059,0.325389,0.327443,0.292178,0.344218,0.320019,0.355887,0.316427,0.343049,0.350525,0.349473,0.356181,0.333195,0.344015,0.346895,0.316506,0.338483,0.352544,0.325271
-26.2101,0.367462,0.386356,0.343727,0.363572,0.401947,0.40304,0.355543,0.369218,0.344368,0.32153,0.332922,0.339713,0.338865,0.300768,0.349417,0.331554,0.366664,0.325621,0.352362,0.367673,0.354428,0.36217,0.345445,0.354259,0.361255,0.326946,0.350062,0.367163,0.334735
-25.7101,0.36923,0.387284,0.347099,0.362478,0.405219,0.402933,0.354323,0.369558,0.333919,0.319357,0.333687,0.340062,0.33958,0.298523,0.345629,0.334175,0.366731,0.324054,0.348229,0.372282,0.34968,0.358068,0.344594,0.352411,0.36305,0.325673,0.351285,0.369427,0.331915
-25.2101,0.358374,0.378765,0.339235,0.350995,0.397441,0.392088,0.345471,0.359056,0.319244,0.310848,0.324861,0.329204,0.330668,0.288238,0.336522,0.329925,0.35822,0.312317,0.334118,0.3651,0.338783,0.345945,0.332672,0.340989,0.354849,0.314945,0.344023,0.361398,0.319978
-24.7101,0.339583,0.36478,0.325024,0.332687,0.383285,0.374524,0.331138,0.340704,0.302595,0.297458,0.309318,0.311383,0.313834,0.273435,0.324191,0.320059,0.342884,0.29318,0.314851,0.35004,0.324404,0.329074,0.313236,0.324007,0.340565,0.297896,0.330766,0.3463,0.303765
-24.2101,0.318084,0.348464,0.309477,0.312353,0.367864,0.354275,0.314975,0.31897,0.286137,0.28212,0.290727,0.291137,0.292195,0.257737,0.309627,0.304926,0.323537,0.271297,0.295116,0.332403,0.307892,0.310529,0.291236,0.305298,0.324311,0.278482,0.31449,0.327301,0.287403
-23.7101,0.298916,0.331528,0.294987,0.294531,0.354607,0.335017,0.300153,0.298232,0.270203,0.267772,0.272921,0.271492,0.269627,0.243341,0.293448,0.286092,0.303279,0.251066,0.277811,0.316806,0.290265,0.292816,0.2707,0.287694,0.308161,0.260594,0.297733,0.308329,0.272434
-23.2101,0.283716,0.313553,0.281869,0.280244,0.342895,0.316771,0.287306,0.279721,0.254344,0.255534,0.257213,0.253845,0.248689,0.230233,0.276983,0.26613,0.283728,0.234059,0.262289,0.30401,0.273104,0.277221,0.252696,0.271605,0.291802,0.245748,0.28177,0.292242,0.257344
-22.7101,0.272316,0.295295,0.269235,0.268534,0.330433,0.299199,0.276424,0.262631,0.238497,0.245592,0.243693,0.238716,0.231123,0.218165,0.261766,0.248038,0.266102,0.219889,0.247718,0.293263,0.258516,0.264329,0.237427,0.25724,0.274538,0.23401,0.267947,0.280382,0.242056
-22.2101,0.262999,0.278192,0.256427,0.257428,0.314196,0.282632,0.266258,0.245099,0.223709,0.236871,0.231878,0.224957,0.217379,0.20634,0.248203,0.234252,0.251172,0.207352,0.234205,0.28306,0.246999,0.254467,0.223717,0.244142,0.257055,0.223874,0.256518,0.27151,0.228289
-21.7101,0.254288,0.263385,0.243287,0.246164,0.294182,0.268019,0.256108,0.22772,0.211182,0.228372,0.22151,0.211503,0.207272,0.194821,0.235814,0.224791,0.239029,0.196229,0.222233,0.272441,0.237202,0.246659,0.211185,0.231651,0.241338,0.214065,0.246161,0.26249,0.217494
-21.2101,0.245062,0.250307,0.228817,0.234867,0.272543,0.254922,0.245521,0.212437,0.200639,0.219349,0.212423,0.197719,0.199362,0.183985,0.222802,0.216691,0.22823,0.186754,0.211495,0.260985,0.227303,0.239047,0.200064,0.219295,0.228012,0.203824,0.234716,0.250666,0.208809
-20.7101,0.235688,0.238938,0.213879,0.224657,0.254446,0.242523,0.234908,0.2017,0.192057,0.210022,0.205444,0.185405,0.19349,0.174912,0.209922,0.208371,0.217897,0.180378,0.201935,0.249314,0.218347,0.231386,0.19105,0.208146,0.216827,0.193757,0.222176,0.236544,0.200984
-20.2101,0.226429,0.228069,0.199802,0.216253,0.243107,0.230089,0.224879,0.19524,0.184369,0.201024,0.199919,0.175953,0.189055,0.168218,0.198484,0.199661,0.207496,0.177312,0.193241,0.23821,0.211979,0.224063,0.183499,0.199033,0.206301,0.184521,0.209653,0.221645,0.193214
-19.7101,0.217932,0.218292,0.188878,0.209889,0.238617,0.219173,0.216412,0.190478,0.177794,0.193792,0.195854,0.169913,0.186136,0.163725,0.190416,0.19221,0.198368,0.177051,0.186722,0.22904,0.209868,0.219799,0.177382,0.193208,0.197462,0.177147,0.199697,0.208767,0.187018
-19.2101,0.211729,0.211226,0.183435,0.205054,0.239566,0.212075,0.210467,0.186208,0.173333,0.189544,0.193214,0.16726,0.18471,0.160575,0.186564,0.187969,0.192041,0.178358,0.183473,0.222268,0.212283,0.220423,0.173349,0.191486,0.192639,0.172204,0.193493,0.199767,0.184256
-18.7101,0.208381,0.207809,0.183888,0.202083,0.243428,0.209647,0.207311,0.182651,0.171935,0.188517,0.192067,0.166792,0.183641,0.158388,0.185583,0.187306,0.189234,0.180214,0.183316,0.217461,0.218379,0.22539,0.17201,0.194224,0.192871,0.170058,0.190251,0.195209,0.185077
-18.2101,0.20865,0.21047,0.189096,0.202322,0.248489,0.211119,0.206991,0.18156,0.174941,0.190641,0.193555,0.168407,0.184008,0.158135,0.187255,0.190853,0.190137,0.182926,0.186194,0.21543,0.226529,0.233725,0.174475,0.202023,0.197758,0.171418,0.189654,0.195495,0.188744
-17.7101,0.212313,0.219984,0.197114,0.206668,0.254019,0.215407,0.208881,0.185182,0.182641,0.194778,0.197976,0.172221,0.187301,0.160586,0.192609,0.197941,0.193843,0.186919,0.191472,0.217192,0.234857,0.24287,0.180346,0.213634,0.205444,0.176497,0.191299,0.198992,0.194678
-17.2101,0.219171,0.234407,0.206661,0.215886,0.25867,0.222159,0.212565,0.194171,0.194441,0.200688,0.205758,0.178427,0.194594,0.166883,0.203145,0.208065,0.19972,0.192694,0.19921,0.223842,0.24292,0.251262,0.189101,0.22727,0.214718,0.185313,0.195441,0.204608,0.202724
-16.7101,0.229621,0.250091,0.2174,0.2296,0.262038,0.231305,0.217965,0.207747,0.208961,0.208412,0.216466,0.18654,0.204994,0.177513,0.218675,0.221347,0.206935,0.199831,0.209403,0.234836,0.25118,0.258308,0.199621,0.241703,0.226133,0.196725,0.201921,0.211686,0.212243
-16.2101,0.243022,0.262956,0.229351,0.245764,0.264885,0.242518,0.224268,0.223082,0.223709,0.2168,0.228434,0.194986,0.215645,0.19107,0.235739,0.237581,0.214767,0.206763,0.219951,0.24779,0.259746,0.263347,0.209348,0.255415,0.239275,0.208782,0.209988,0.219898,0.221421
-15.7101,0.258513,0.27239,0.24148,0.262001,0.26805,0.254421,0.229976,0.236775,0.236694,0.22362,0.240435,0.202504,0.224621,0.205407,0.251468,0.25643,0.222714,0.212815,0.228808,0.260665,0.267252,0.267456,0.217602,0.268314,0.253342,0.220289,0.218901,0.229615,0.228382
-15.2101,0.27346,0.279905,0.25096,0.275273,0.272021,0.264927,0.233914,0.246476,0.246427,0.226813,0.250871,0.207848,0.230859,0.216985,0.264922,0.274726,0.229837,0.217883,0.234261,0.271171,0.271673,0.270412,0.224008,0.278642,0.266041,0.229893,0.227001,0.239226,0.232408
-14.7101,0.285486,0.28656,0.256877,0.283792,0.275688,0.272308,0.235294,0.251264,0.252106,0.226061,0.25903,0.211069,0.234605,0.223885,0.27669,0.288756,0.235387,0.221953,0.236197,0.277783,0.272716,0.271805,0.228637,0.284901,0.27513,0.237392,0.233023,0.246694,0.234095
-14.2101,0.292834,0.290792,0.259311,0.287599,0.276771,0.275271,0.234072,0.251291,0.252963,0.222218,0.264237,0.211701,0.23511,0.226804,0.286483,0.296286,0.239128,0.224579,0.23567,0.27964,0.27091,0.27057,0.231628,0.28595,0.279316,0.242183,0.235811,0.249486,0.23327
-13.7101,0.294572,0.2909,0.259834,0.288045,0.274502,0.274419,0.230526,0.248199,0.248863,0.217341,0.266788,0.209442,0.232679,0.228199,0.292928,0.298274,0.241338,0.225209,0.233757,0.277568,0.267687,0.266356,0.232294,0.282799,0.27905,0.244384,0.234959,0.247081,0.229358
-13.2101,0.291935,0.287385,0.25966,0.28711,0.270958,0.27065,0.22517,0.244345,0.24032,0.212439,0.267738,0.205065,0.228165,0.230031,0.295623,0.296737,0.242476,0.223439,0.231422,0.273338,0.264147,0.260745,0.230683,0.278288,0.275857,0.245032,0.231431,0.24105,0.221752
-12.7101,0.286755,0.282726,0.259153,0.285794,0.269287,0.26479,0.219073,0.241402,0.230001,0.208753,0.268562,0.200481,0.222508,0.23166,0.296283,0.29343,0.243003,0.22033,0.229039,0.269441,0.261274,0.255455,0.228014,0.274684,0.270943,0.245129,0.227055,0.234238,0.211368
-12.2101,0.28118,0.279613,0.259179,0.284701,0.271009,0.257713,0.213799,0.239384,0.220755,0.20823,0.26981,0.198104,0.216649,0.231031,0.295272,0.288861,0.242779,0.217574,0.22643,0.267063,0.260474,0.252207,0.225878,0.272414,0.264273,0.246119,0.224337,0.230065,0.200886
-11.7101,0.276151,0.27878,0.259954,0.2824,0.274328,0.250722,0.210632,0.237415,0.214831,0.211718,0.27084,0.198663,0.211014,0.227538,0.291881,0.283327,0.24156,0.216202,0.223686,0.266372,0.262114,0.252345,0.225499,0.269633,0.255738,0.248511,0.225065,0.230332,0.192713
-11.2101,0.272193,0.279433,0.262236,0.278333,0.277041,0.245224,0.210807,0.235373,0.213471,0.219651,0.271157,0.20177,0.206796,0.222586,0.286235,0.277056,0.239163,0.217051,0.220941,0.267939,0.266284,0.256863,0.227717,0.265702,0.246604,0.253442,0.230553,0.236271,0.18808
-10.7101,0.268577,0.27897,0.265002,0.271615,0.276614,0.241322,0.213905,0.233432,0.214881,0.229247,0.270479,0.205004,0.203858,0.219423,0.279584,0.270416,0.235373,0.218733,0.218287,0.270808,0.272925,0.265151,0.231421,0.261383,0.23924,0.260853,0.239757,0.246882,0.185656
-10.2101,0.264553,0.275572,0.266616,0.26357,0.273997,0.237737,0.218737,0.23155,0.217183,0.236981,0.268621,0.205871,0.201916,0.221475,0.274528,0.263792,0.230243,0.219464,0.21607,0.274421,0.281089,0.275426,0.234925,0.25865,0.235508,0.269273,0.249619,0.259552,0.183539
-9.71011,0.260263,0.269654,0.266883,0.257963,0.271052,0.232957,0.223848,0.229538,0.219064,0.241035,0.2654,0.203799,0.201158,0.229271,0.272329,0.258229,0.225121,0.218055,0.21486,0.277985,0.289437,0.286136,0.23661,0.258525,0.236398,0.276307,0.25703,0.271215,0.181655
-9.21011,0.255458,0.262462,0.265216,0.255312,0.267926,0.226293,0.227371,0.225551,0.219506,0.240718,0.259337,0.199045,0.201112,0.239405,0.271541,0.254485,0.220605,0.214031,0.213742,0.280202,0.295222,0.294941,0.235155,0.258025,0.239462,0.279261,0.259693,0.278871,0.179373
-8.71011,0.251807,0.256952,0.262974,0.256286,0.263892,0.219036,0.22974,0.220272,0.220023,0.23814,0.249846,0.1937,0.202358,0.247462,0.271906,0.252643,0.217518,0.209229,0.212212,0.280768,0.296571,0.300942,0.231151,0.255634,0.242868,0.278431,0.257804,0.281675,0.177706
-8.21011,0.249497,0.25331,0.261411,0.258866,0.259703,0.211962,0.23176,0.216299,0.221769,0.235029,0.238656,0.188737,0.204037,0.250369,0.273199,0.251871,0.215323,0.205343,0.210091,0.279248,0.293769,0.303428,0.226107,0.251747,0.245527,0.275488,0.253301,0.280312,0.177145
-7.71011,0.249218,0.250957,0.262309,0.262242,0.25788,0.206202,0.233739,0.217056,0.226208,0.232973,0.227681,0.185404,0.205786,0.248247,0.275562,0.251261,0.213768,0.204068,0.208566,0.275947,0.2892,0.302824,0.223218,0.250625,0.248462,0.272996,0.249479,0.277838,0.179698
-7.21011,0.252055,0.249645,0.26731,0.267934,0.260579,0.203568,0.236939,0.22527,0.234564,0.233732,0.22075,0.185608,0.209128,0.245142,0.279232,0.251601,0.213938,0.207341,0.210672,0.27288,0.287354,0.301425,0.225996,0.257035,0.25572,0.272863,0.250504,0.278515,0.187907
-6.71011,0.260155,0.250888,0.276375,0.276819,0.268539,0.207126,0.243574,0.239891,0.246767,0.23906,0.2218,0.192064,0.216544,0.246222,0.284512,0.254883,0.217912,0.216609,0.218594,0.272704,0.290372,0.301625,0.235916,0.272045,0.27048,0.275978,0.259387,0.285312,0.202304
-6.21011,0.274473,0.256168,0.28804,0.288043,0.279002,0.218458,0.254837,0.257531,0.261596,0.249462,0.230999,0.205306,0.228485,0.254018,0.291306,0.261138,0.226917,0.230945,0.231314,0.276646,0.296914,0.303834,0.250563,0.292419,0.291346,0.281677,0.275237,0.29811,0.221445
-5.71011,0.291399,0.263831,0.298919,0.298355,0.28898,0.235175,0.268852,0.274287,0.276473,0.262211,0.244419,0.222681,0.242508,0.267007,0.297866,0.267694,0.238653,0.247024,0.24507,0.282993,0.303074,0.306289,0.26522,0.312001,0.312186,0.287511,0.293269,0.313199,0.241529
-5.21011,0.304522,0.27036,0.306591,0.303931,0.296761,0.251882,0.280513,0.286052,0.287749,0.272553,0.255469,0.23866,0.254034,0.27945,0.300776,0.270553,0.249639,0.259251,0.255483,0.287691,0.305012,0.306595,0.274966,0.324914,0.326345,0.290622,0.307193,0.324524,0.257524
-4.71011,0.309063,0.272927,0.30974,0.304401,0.301502,0.264187,0.28566,0.291687,0.293396,0.27733,0.258971,0.248479,0.259895,0.286193,0.297327,0.267335,0.256894,0.26459,0.260966,0.288107,0.3018,0.303257,0.277413,0.329417,0.331598,0.288755,0.312658,0.327801,0.267012
-4.21011,0.30563,0.271889,0.308669,0.301972,0.303307,0.271079,0.284461,0.291816,0.293263,0.277364,0.255412,0.250966,0.260013,0.286013,0.287997,0.259461,0.259811,0.264263,0.26359,0.284654,0.295339,0.297125,0.272957,0.32721,0.33047,0.282891,0.309013,0.322353,0.269279
-3.71011,0.29996,0.270839,0.306683,0.300325,0.302996,0.275172,0.281169,0.290054,0.290206,0.276778,0.251222,0.24885,0.25683,0.282101,0.276774,0.251137,0.26089,0.263107,0.267242,0.280637,0.288944,0.290603,0.264897,0.321847,0.326821,0.27621,0.299296,0.311966,0.267148
-3.21011,0.298187,0.272954,0.307648,0.302203,0.301937,0.279217,0.280679,0.29171,0.288359,0.278823,0.25312,0.246765,0.253908,0.278679,0.269253,0.24717,0.26273,0.265853,0.273937,0.278884,0.286271,0.286753,0.257894,0.316939,0.323281,0.271468,0.2888,0.303322,0.266234
-2.71011,0.301981,0.278915,0.314328,0.306964,0.300215,0.283563,0.28407,0.298807,0.289665,0.282516,0.262921,0.247848,0.254159,0.276679,0.268159,0.250368,0.266712,0.272598,0.282109,0.279878,0.287646,0.286797,0.254965,0.312692,0.320258,0.270174,0.283042,0.30066,0.268764
-2.21011,0.306809,0.285062,0.323533,0.311651,0.296216,0.285897,0.287762,0.307838,0.292573,0.28457,0.276304,0.251486,0.257763,0.274735,0.272641,0.259561,0.27076,0.278883,0.287082,0.281609,0.289591,0.288677,0.255844,0.307727,0.31708,0.269964,0.282937,0.30292,0.273664
-1.71011,0.307767,0.287106,0.330104,0.313312,0.288982,0.28493,0.287883,0.312747,0.293576,0.283906,0.286486,0.254683,0.262059,0.272074,0.278047,0.269255,0.272122,0.280939,0.286183,0.28167,0.288248,0.289789,0.258411,0.301527,0.31296,0.267497,0.283834,0.305091,0.277563
-1.21011,0.303315,0.28377,0.331589,0.311441,0.280284,0.282275,0.28401,0.31157,0.292102,0.281385,0.290809,0.25554,0.264893,0.270076,0.280644,0.275962,0.270953,0.278623,0.28157,0.280434,0.282854,0.289461,0.261068,0.295887,0.309348,0.262705,0.281985,0.304377,0.279435
-0.71011,0.29663,0.27799,0.331041,0.309037,0.276244,0.281065,0.280307,0.307923,0.291453,0.279254,0.291021,0.255318,0.266863,0.270603,0.28063,0.279789,0.270249,0.275574,0.278044,0.279799,0.27754,0.288799,0.263414,0.29465,0.308695,0.25775,0.277892,0.301978,0.282297
-0.21011,0.294068,0.27555,0.334354,0.309313,0.280847,0.284063,0.281833,0.308088,0.294629,0.27948,0.291248,0.255712,0.269718,0.272946,0.279331,0.281857,0.273322,0.27649,0.279532,0.281109,0.277567,0.290373,0.265781,0.299723,0.312394,0.25635,0.27495,0.300474,0.287608
0.28989,0.29916,0.279534,0.342449,0.314586,0.293861,0.291133,0.289632,0.315285,0.302264,0.282628,0.294394,0.258348,0.274118,0.27742,0.279288,0.284229,0.281381,0.282592,0.287288,0.284788,0.284945,0.295273,0.269011,0.310223,0.320118,0.261415,0.277695,0.302418,0.295855
0.78989,0.309682,0.287858,0.349726,0.322979,0.309376,0.299087,0.298514,0.325144,0.310229,0.287737,0.298298,0.261251,0.27735,0.284338,0.279759,0.285106,0.288994,0.29101,0.296386,0.288686,0.296491,0.301289,0.27285,0.322003,0.327977,0.270166,0.284355,0.305297,0.303352
1.28989,0.31987,0.295388,0.35047,0.32972,0.321036,0.303732,0.302874,0.330897,0.313792,0.291799,0.30072,0.261551,0.276362,0.29228,0.278171,0.282111,0.290731,0.296109,0.301612,0.291022,0.305906,0.305098,0.275933,0.331359,0.332988,0.27782,0.289535,0.305355,0.306602
1.78989,0.324648,0.298392,0.344811,0.332329,0.327912,0.303342,0.301117,0.328597,0.312258,0.292371,0.29893,0.259193,0.272053,0.299754,0.273869,0.276084,0.285524,0.294618,0.299726,0.291947,0.309387,0.304691,0.277195,0.336849,0.335001,0.281376,0.290671,0.30223,0.307125
2.28989,0.322282,0.297493,0.336153,0.330159,0.332423,0.298251,0.296204,0.319996,0.3086,0.289068,0.292942,0.255327,0.267267,0.304232,0.268094,0.269955,0.276388,0.287537,0.291307,0.291832,0.306424,0.301162,0.27581,0.338363,0.334621,0.280576,0.288188,0.297875,0.307051
2.78989,0.316934,0.295859,0.329074,0.326047,0.338409,0.291434,0.293253,0.310021,0.306639,0.284884,0.286665,0.252823,0.264627,0.306718,0.263402,0.266646,0.268917,0.27952,0.28172,0.292591,0.300663,0.298144,0.274261,0.338654,0.333199,0.2801,0.286804,0.296473,0.308613
3.28989,0.313712,0.29614,0.32544,0.322632,0.345984,0.28664,0.294762,0.302767,0.308363,0.283106,0.282734,0.252533,0.265132,0.309673,0.261967,0.267324,0.265803,0.27412,0.275477,0.295082,0.297005,0.298732,0.275015,0.339296,0.331981,0.283355,0.290597,0.30072,0.312211
3.78989,0.314838,0.297552,0.323868,0.320051,0.351346,0.283755,0.299531,0.298165,0.31166,0.283802,0.281209,0.25252,0.266782,0.312318,0.263499,0.269835,0.266618,0.271689,0.273936,0.298224,0.296551,0.302367,0.277518,0.339573,0.331559,0.289452,0.298085,0.308019,0.315768
4.28989,0.31752,0.297173,0.321511,0.317175,0.350507,0.280085,0.303816,0.29311,0.312447,0.28474,0.279291,0.24924,0.266705,0.311829,0.265081,0.269908,0.268419,0.269542,0.274352,0.300067,0.2981,0.305403,0.279358,0.33705,0.330326,0.294911,0.305151,0.314008,0.315823
4.78989,0.315857,0.292383,0.313252,0.311078,0.340922,0.270946,0.30239,0.28307,0.307618,0.280917,0.271737,0.239438,0.26084,0.304793,0.262941,0.263927,0.266892,0.264479,0.271374,0.296926,0.296984,0.304202,0.27525,0.327802,0.324487,0.294321,0.307644,0.314463,0.308553
5.28989,0.307129,0.283952,0.296689,0.299105,0.324016,0.25542,0.293048,0.266514,0.296336,0.270609,0.257032,0.223464,0.248441,0.291523,0.255566,0.251562,0.259387,0.255513,0.26355,0.288559,0.290065,0.29759,0.263498,0.311057,0.310816,0.287129,0.304375,0.308568,0.292554
5.78989,0.294008,0.275574,0.275321,0.281378,0.305743,0.237609,0.278404,0.247251,0.281227,0.256678,0.237839,0.204856,0.232478,0.277555,0.246229,0.238195,0.247313,0.243905,0.253793,0.279173,0.278903,0.288986,0.247875,0.289741,0.289727,0.276701,0.297208,0.299075,0.270017
6.28989,0.281381,0.269772,0.256364,0.261934,0.292125,0.222899,0.264554,0.23126,0.26675,0.244946,0.220018,0.189348,0.217365,0.267506,0.237742,0.229075,0.236242,0.232519,0.246847,0.27203,0.266461,0.282245,0.233387,0.268754,0.267916,0.26675,0.289383,0.290441,0.246816
6.78989,0.273353,0.268417,0.245097,0.246391,0.285743,0.214514,0.257138,0.222571,0.255748,0.240721,0.208442,0.181308,0.207089,0.262403,0.231737,0.225832,0.232125,0.22448,0.245349,0.268728,0.257875,0.278411,0.223029,0.252373,0.252783,0.260051,0.283244,0.285943,0.228245
7.28989,0.270285,0.27019,0.241499,0.237054,0.285168,0.211792,0.257944,0.220482,0.248273,0.24449,0.203944,0.180692,0.201315,0.261277,0.227538,0.22625,0.236932,0.221599,0.247215,0.267254,0.255208,0.276288,0.217178,0.241926,0.247688,0.256544,0.279925,0.285598,0.215786
7.78989,0.270665,0.27426,0.241808,0.233221,0.285702,0.21179,0.263929,0.221677,0.241828,0.252865,0.205696,0.184771,0.198269,0.261419,0.224633,0.226938,0.246713,0.223841,0.249168,0.264529,0.257015,0.273296,0.213745,0.236638,0.250554,0.255817,0.278979,0.28761,0.208436
8.28989,0.27347,0.280033,0.243002,0.233462,0.283886,0.213268,0.269545,0.223997,0.233352,0.261636,0.212059,0.189803,0.197408,0.261691,0.22497,0.227104,0.255234,0.230059,0.24948,0.260637,0.260619,0.268078,0.212854,0.234845,0.255568,0.257232,0.277621,0.288896,0.203833
8.78989,0.276639,0.286783,0.244657,0.238498,0.279909,0.215218,0.270983,0.227933,0.222806,0.267758,0.222472,0.193977,0.198489,0.262043,0.230089,0.228931,0.258845,0.237646,0.248809,0.255983,0.262643,0.261171,0.215054,0.235035,0.257884,0.258761,0.2742,0.288814,0.200672
9.28989,0.278582,0.294134,0.24692,0.248169,0.274802,0.216603,0.267125,0.233692,0.212171,0.268774,0.23513,0.196441,0.200881,0.261416,0.23864,0.233025,0.257535,0.244214,0.247627,0.251877,0.261527,0.253305,0.218251,0.235627,0.256394,0.258299,0.268612,0.287408,0.198299
9.78989,0.278992,0.301198,0.2514,0.260237,0.271898,0.219092,0.260356,0.24103,0.205143,0.265063,0.247534,0.198154,0.203891,0.259521,0.248026,0.240114,0.254455,0.248651,0.246609,0.250185,0.258626,0.246337,0.220695,0.23701,0.253958,0.254861,0.262056,0.284748,0.197683
10.2899,0.279216,0.30749,0.257613,0.271224,0.272059,0.225382,0.254426,0.248997,0.204964,0.258106,0.257252,0.199958,0.206684,0.25656,0.256099,0.249387,0.253562,0.251089,0.246168,0.252519,0.255731,0.242637,0.222011,0.239956,0.254858,0.249671,0.256868,0.281353,0.19973
10.7899,0.281831,0.313316,0.26455,0.279534,0.27489,0.237599,0.251682,0.256706,0.212224,0.251001,0.264202,0.202921,0.210431,0.253752,0.262986,0.259733,0.25651,0.252828,0.2464,0.259249,0.254718,0.243451,0.223955,0.245333,0.261157,0.244359,0.254456,0.277515,0.204558
11.2899,0.289052,0.319434,0.271533,0.286526,0.279443,0.25524,0.253422,0.264592,0.224176,0.246646,0.269411,0.208796,0.216955,0.253217,0.270088,0.270351,0.262662,0.255169,0.24801,0.268426,0.256403,0.24821,0.228868,0.253862,0.272017,0.240712,0.255663,0.275247,0.211203
11.7899,0.301066,0.327321,0.277645,0.294401,0.284057,0.275335,0.259518,0.272847,0.237279,0.245557,0.273345,0.218008,0.22677,0.255681,0.277604,0.280061,0.269644,0.258014,0.250855,0.276995,0.261022,0.255659,0.236357,0.263621,0.284569,0.239062,0.259804,0.275424,0.218616
12.2899,0.315545,0.336492,0.283332,0.303774,0.289958,0.292937,0.26905,0.282297,0.248568,0.247259,0.276128,0.229747,0.238941,0.262001,0.284519,0.288588,0.274979,0.261216,0.254741,0.282944,0.267458,0.264915,0.243994,0.273613,0.29689,0.239951,0.26478,0.277328,0.226641
12.7899,0.328001,0.344186,0.287964,0.312368,0.296556,0.304988,0.281023,0.291281,0.256856,0.249876,0.277014,0.241316,0.250618,0.270148,0.288455,0.294824,0.277775,0.264656,0.258631,0.286192,0.274071,0.27499,0.249802,0.281998,0.308004,0.243391,0.268906,0.279571,0.234348
13.2899,0.334132,0.348103,0.289388,0.317345,0.301316,0.310377,0.291829,0.296812,0.263773,0.251518,0.275397,0.249027,0.258165,0.275884,0.287993,0.296658,0.279058,0.268105,0.261205,0.286956,0.279286,0.284702,0.252213,0.288325,0.316637,0.247175,0.270614,0.280271,0.240752
13.7899,0.332371,0.345804,0.285628,0.316439,0.303271,0.31063,0.297907,0.296281,0.269416,0.251556,0.270768,0.250905,0.260218,0.27677,0.283147,0.291435,0.280604,0.270595,0.261603,0.28602,0.282388,0.290684,0.251797,0.292472,0.320757,0.249305,0.2694,0.279041,0.244066
14.2899,0.323841,0.338016,0.276333,0.308522,0.300593,0.307269,0.296306,0.288789,0.272187,0.249421,0.262291,0.247417,0.25519,0.270739,0.273661,0.278438,0.281958,0.270175,0.258304,0.282685,0.284191,0.290344,0.248024,0.293139,0.317864,0.247257,0.264944,0.275663,0.242982
14.7899,0.311716,0.326724,0.263794,0.29443,0.293932,0.299979,0.286318,0.276512,0.269939,0.245153,0.249903,0.239854,0.244369,0.2582,0.259832,0.259733,0.281098,0.265705,0.250882,0.276399,0.28347,0.283522,0.24036,0.290386,0.309328,0.24062,0.25717,0.270494,0.238346
15.2899,0.298409,0.313877,0.251124,0.275996,0.285011,0.288676,0.27181,0.262067,0.261466,0.240115,0.235174,0.230921,0.231275,0.241696,0.241926,0.238889,0.274687,0.257167,0.24078,0.267801,0.278428,0.272265,0.229411,0.284446,0.298974,0.231229,0.24664,0.263079,0.232164
15.7899,0.284259,0.299744,0.239969,0.255299,0.272641,0.271928,0.25663,0.246794,0.247791,0.23283,0.219495,0.220888,0.218939,0.221836,0.221678,0.218693,0.262878,0.245492,0.229042,0.256718,0.267712,0.259879,0.216294,0.275889,0.289353,0.220433,0.23377,0.252338,0.225589
16.2899,0.269238,0.284736,0.23182,0.235674,0.257026,0.251972,0.243903,0.2311,0.231878,0.223442,0.20502,0.210215,0.210336,0.201629,0.203781,0.201069,0.249347,0.23211,0.217777,0.245296,0.252804,0.249062,0.203306,0.266217,0.281732,0.210048,0.220029,0.239498,0.218478
16.7899,0.254664,0.269758,0.227542,0.219785,0.239929,0.232728,0.235342,0.217077,0.216634,0.213159,0.193595,0.201114,0.205409,0.184348,0.191987,0.187136,0.238147,0.218712,0.20885,0.236651,0.237488,0.241089,0.190892,0.255951,0.274155,0.201931,0.207149,0.22626,0.211072
17.2899,0.241529,0.255081,0.225353,0.208537,0.223865,0.216959,0.229606,0.206022,0.203267,0.202137,0.185605,0.19427,0.202647,0.171805,0.186613,0.177241,0.231727,0.206008,0.201607,0.231939,0.224655,0.235358,0.180021,0.244805,0.264834,0.196011,0.19674,0.215664,0.202765
17.7899,0.230925,0.242527,0.223795,0.201807,0.212897,0.20754,0.226379,0.198707,0.192925,0.192571,0.180845,0.190495,0.200883,0.164888,0.185316,0.171208,0.229224,0.195326,0.196096,0.231332,0.215254,0.230761,0.171326,0.234367,0.254405,0.191707,0.190487,0.210785,0.194421
18.2899,0.224412,0.231753,0.221135,0.198036,0.20921,0.204082,0.225428,0.194621,0.186324,0.185418,0.178489,0.188868,0.199726,0.161844,0.185134,0.169103,0.228748,0.187911,0.192555,0.233265,0.208926,0.225629,0.165382,0.225291,0.243287,0.188275,0.188889,0.210281,0.187195
18.7899,0.223162,0.222534,0.216882,0.196139,0.212762,0.205273,0.226062,0.191663,0.182866,0.181198,0.177738,0.188637,0.199335,0.161001,0.185494,0.170928,0.22938,0.184561,0.191051,0.235995,0.205278,0.219953,0.163964,0.218462,0.23352,0.185436,0.191306,0.212373,0.182415
19.2899,0.227514,0.21679,0.212623,0.196075,0.222681,0.210237,0.227987,0.190389,0.182822,0.181341,0.179482,0.190061,0.200228,0.162207,0.187939,0.177048,0.231319,0.185651,0.192461,0.239924,0.205086,0.215094,0.167847,0.215386,0.227308,0.184626,0.196771,0.217141,0.182114
19.7899,0.235248,0.217038,0.209782,0.198388,0.23712,0.218169,0.230203,0.192707,0.185839,0.186205,0.184689,0.193851,0.202777,0.166655,0.194877,0.187223,0.234495,0.189718,0.196927,0.246102,0.208469,0.212925,0.176796,0.216597,0.226457,0.187591,0.204057,0.22483,0.18678
20.2899,0.243625,0.225868,0.20994,0.203883,0.25294,0.228525,0.232234,0.200075,0.191321,0.194705,0.19347,0.199925,0.207801,0.174802,0.207906,0.201157,0.240247,0.195448,0.203592,0.254989,0.214893,0.215505,0.189062,0.222573,0.231839,0.194686,0.212297,0.235285,0.195243
20.7899,0.250951,0.243736,0.214146,0.21286,0.267556,0.240899,0.234861,0.211519,0.199415,0.204941,0.204989,0.207455,0.215401,0.185563,0.22706,0.218401,0.249313,0.201641,0.211575,0.265426,0.223518,0.223418,0.201508,0.23161,0.2417,0.205308,0.221274,0.245964,0.205544
21.2899,0.258008,0.267812,0.222333,0.225302,0.279342,0.254851,0.240254,0.225036,0.210416,0.216152,0.2181,0.216886,0.225972,0.198306,0.250788,0.237845,0.261453,0.209182,0.220964,0.275727,0.233665,0.236305,0.213048,0.240511,0.253919,0.218938,0.231565,0.25423,0.217379
21.7899,0.265414,0.291332,0.232185,0.239806,0.28806,0.268825,0.24841,0.237765,0.223149,0.2266,0.23074,0.227727,0.23869,0.211507,0.274608,0.257275,0.274664,0.218201,0.230543,0.283808,0.244277,0.251645,0.22263,0.246662,0.265443,0.233165,0.242705,0.259575,0.229696
22.2899,0.273179,0.309742,0.243106,0.254695,0.296701,0.282191,0.259067,0.24955,0.237777,0.236197,0.24303,0.241148,0.252952,0.22506,0.296112,0.274799,0.287508,0.229451,0.240561,0.290753,0.255958,0.267994,0.230997,0.251741,0.276567,0.24695,0.255123,0.264889,0.242557
22.7899,0.280052,0.321488,0.254754,0.267444,0.306451,0.294161,0.271314,0.261495,0.253852,0.244774,0.255127,0.25775,0.267186,0.237909,0.313575,0.28889,0.298838,0.242766,0.250922,0.297564,0.269094,0.284761,0.239197,0.258613,0.288232,0.25882,0.268174,0.271818,0.254907
23.2899,0.285913,0.328991,0.266404,0.276058,0.316525,0.304478,0.283733,0.273555,0.27026,0.25162,0.266891,0.276147,0.279348,0.248578,0.325695,0.298508,0.30728,0.255825,0.260743,0.304768,0.283349,0.300559,0.247714,0.269336,0.300403,0.267517,0.279673,0.279505,0.265014
23.7899,0.292762,0.336328,0.276855,0.280492,0.324825,0.314259,0.295699,0.284847,0.286253,0.257243,0.278371,0.294267,0.28908,0.256532,0.33305,0.304011,0.312424,0.266508,0.26963,0.312739,0.29766,0.31367,0.257281,0.283205,0.311958,0.274177,0.287614,0.28597,0.272182
24.2899,0.303049,0.345002,0.284424,0.282818,0.33066,0.324651,0.306878,0.294964,0.301402,0.262505,0.28871,0.309176,0.297877,0.262213,0.33676,0.306975,0.314877,0.273965,0.27754,0.320804,0.310399,0.322264,0.267344,0.297997,0.320818,0.280724,0.291881,0.290381,0.277142
24.7899,0.315115,0.350609,0.287014,0.283434,0.332993,0.332904,0.315315,0.302046,0.313509,0.266911,0.295115,0.316852,0.30473,0.264923,0.336631,0.306926,0.31434,0.27796,0.283133,0.326608,0.318492,0.32402,0.274331,0.309722,0.324294,0.286594,0.292258,0.291514,0.279609
25.2899,0.324963,0.35011,0.286208,0.283606,0.332778,0.337047,0.320411,0.305686,0.321004,0.271636,0.297096,0.317379,0.309317,0.264657,0.334166,0.305173,0.312253,0.28032,0.286736,0.32909,0.321645,0.320877,0.276227,0.316474,0.323312,0.290159,0.291109,0.290757,0.280367
25.7899,0.326462,0.343377,0.283203,0.283154,0.3289,0.334666,0.321196,0.304337,0.322415,0.276272,0.294416,0.311291,0.308891,0.261479,0.328457,0.300382,0.307526,0.28141,0.287553,0.326283,0.319978,0.314174,0.271814,0.316539,0.317789,0.287498,0.288349,0.287937,0.277645
26.2899,0.316457,0.331981,0.27747,0.280817,0.318183,0.325154,0.315082,0.29576,0.315649,0.278064,0.286141,0.299519,0.300926,0.25372,0.316558,0.290107,0.297716,0.279483,0.283655,0.316706,0.31283,0.303478,0.260311,0.30868,0.306338,0.275317,0.281852,0.280743,0.268016
26.7899,0.296017,0.316779,0.267256,0.274213,0.297976,0.309923,0.300828,0.279073,0.300611,0.274306,0.271445,0.282747,0.285867,0.238338,0.295475,0.273443,0.281212,0.272457,0.273698,0.300412,0.298727,0.287213,0.241535,0.293335,0.288405,0.254,0.269201,0.266644,0.250001
27.2899,0.266987,0.293487,0.248911,0.258415,0.266479,0.287687,0.27646,0.252009,0.276291,0.261009,0.24794,0.259657,0.263625,0.212589,0.263115,0.248484,0.255846,0.257207,0.254337,0.276232,0.274494,0.262587,0.214957,0.268093,0.262211,0.225623,0.247311,0.242657,0.223403
27.7899,0.239483,0.26868,0.228717,0.238918,0.233747,0.26563,0.249765,0.223039,0.250364,0.244013,0.223503,0.237302,0.241999,0.184766,0.229895,0.223097,0.229841,0.239245,0.232728,0.251858,0.247824,0.237028,0.188901,0.241513,0.23601,0.198932,0.224009,0.216986,0.196851
28.2899,0.212361,0.241086,0.206204,0.215575,0.199404,0.242524,0.221879,0.192688,0.223256,0.22428,0.197776,0.214715,0.22082,0.154539,0.195673,0.197415,0.20237,0.219028,0.208881,0.22678,0.218296,0.210391,0.162887,0.213222,0.210079,0.173523,0.198795,0.189733,0.170785
28.7899,0.188141,0.208064,0.182105,0.186139,0.164286,0.216747,0.191471,0.158028,0.194007,0.20139,0.171672,0.193047,0.201506,0.124144,0.161738,0.170357,0.173189,0.195234,0.18123,0.201452,0.185416,0.182767,0.137638,0.180315,0.182973,0.150414,0.17165,0.16117,0.145725
