Arc_length vs Data,001_12months_DTI_antsBM,002_12months_DTI_antsBM,007_12months_DTI_antsBM,008_12months_DTI_antsBM,010_10months_DTI_antsBM,010_14months_DTI_antsBM,012_10months_DTI_antsBM,012_14months_DTI_antsBM,013_13months_DTI_antsBM,014_13months_DTI_antsBM,016_12months_DTI_antsBM,017_11months_DTI_antsBM,018_11months_DTI_antsBM,019_12months_DTI_antsBM,020_11months_DTI_antsBM,020_14months_DTI_antsBM,021_11months_DTI_antsBM,021_14months_DTI_antsBM,022_11months_DTI_antsBM,022_14months_DTI_antsBM,023_11months_DTI_antsBM,023_14months_DTI_antsBM,025_10months_DTI_antsBM,025_13months_DTI_antsBM,026_11months_DTI_antsBM,027_11months_DTI_antsBM,028_10months_DTI_antsBM,028_13months_DTI_antsBM,029_12months_DTI_antsBM,031_10months_DTI_antsBM,031_13months_DTI_antsBM,032_12months_DTI_antsBM,033_10months_DTI_antsBM,033_13months_DTI_antsBM,034_12months_DTI_antsBM,035_12months_DTI_antsBM
-20.1959,0.150238,0.133164,0.16161,0.197254,0.202207,0.207687,0.182033,0.150705,0.161689,0.205093,0.126438,0.128143,0.156894,0.130451,0.140963,0.152249,0.138798,0.156574,0.162377,0.157409,0.0835144,0.102043,0.110568,0.110403,0.194665,0.122723,0.175041,0.153031,0.123125,0.159231,0.155891,0.161687,0.127193,0.127552,0.153201,0.141396
-19.6959,0.147602,0.137287,0.166371,0.19445,0.196409,0.210382,0.186778,0.160257,0.172204,0.210257,0.124758,0.134863,0.155035,0.138261,0.144784,0.15847,0.1443,0.161821,0.16564,0.158769,0.089068,0.105956,0.11338,0.114745,0.201388,0.124189,0.173555,0.156277,0.128693,0.1596,0.158329,0.165883,0.124838,0.133414,0.152662,0.1481
-19.1959,0.147609,0.137029,0.168246,0.19001,0.190128,0.210827,0.187766,0.165299,0.176184,0.212468,0.125621,0.137654,0.152478,0.143715,0.148595,0.161657,0.147246,0.162391,0.166248,0.158186,0.0925553,0.10628,0.115781,0.11882,0.203659,0.1258,0.170886,0.157364,0.131306,0.157865,0.159039,0.168202,0.125058,0.136541,0.152743,0.151227
-18.6959,0.14704,0.131554,0.166612,0.181546,0.180516,0.207268,0.18372,0.164862,0.174539,0.209745,0.126967,0.136151,0.147823,0.146057,0.149376,0.161602,0.14645,0.158908,0.162804,0.153771,0.0935995,0.102738,0.115863,0.120944,0.201392,0.125877,0.165091,0.154916,0.130878,0.152637,0.156463,0.16641,0.124246,0.135655,0.151895,0.150155
-18.1959,0.145964,0.123471,0.161421,0.169217,0.167053,0.197895,0.174174,0.159283,0.168206,0.200809,0.128004,0.130288,0.13964,0.143596,0.146019,0.156993,0.142461,0.152359,0.155327,0.144996,0.0933076,0.0974808,0.114526,0.121695,0.192848,0.123371,0.155212,0.148225,0.128669,0.144168,0.150542,0.160716,0.121561,0.130845,0.1483,0.144274
-17.6959,0.143924,0.113272,0.151348,0.153356,0.150543,0.182397,0.15815,0.147952,0.157623,0.184222,0.127322,0.120114,0.127245,0.134527,0.137475,0.146833,0.135652,0.142833,0.143781,0.131663,0.0914351,0.0913199,0.112276,0.119932,0.177365,0.117104,0.141011,0.137199,0.124457,0.133163,0.141123,0.151007,0.116292,0.12165,0.14034,0.133418
-17.1959,0.140154,0.103648,0.136489,0.136119,0.135116,0.163204,0.136889,0.132278,0.145603,0.161066,0.124973,0.107992,0.112754,0.119881,0.124033,0.132789,0.127799,0.132248,0.130377,0.116127,0.0889214,0.0858742,0.11011,0.115834,0.156891,0.107233,0.124656,0.123629,0.118523,0.122004,0.129819,0.138783,0.10919,0.109347,0.128688,0.119606
-16.6959,0.136792,0.102057,0.122207,0.124943,0.130332,0.149189,0.1202,0.120594,0.139673,0.140769,0.123747,0.100824,0.103515,0.106309,0.11126,0.121643,0.124613,0.126482,0.122125,0.106893,0.0890685,0.0858284,0.112015,0.113751,0.140546,0.0992937,0.113555,0.114166,0.114117,0.11734,0.123183,0.131413,0.104173,0.100014,0.119162,0.110888
-16.1959,0.137334,0.110318,0.115016,0.122789,0.137874,0.146733,0.117012,0.12004,0.143296,0.131838,0.128375,0.102537,0.103675,0.101819,0.105072,0.11973,0.12892,0.127944,0.122523,0.108695,0.0947129,0.0928936,0.120521,0.1182,0.136448,0.0994621,0.112466,0.113216,0.113573,0.122319,0.126671,0.134138,0.104854,0.0986338,0.117719,0.113665
-15.6959,0.144847,0.127254,0.120132,0.129548,0.153719,0.156658,0.129652,0.132336,0.154679,0.136642,0.141913,0.112535,0.112769,0.109855,0.107376,0.127837,0.140052,0.135876,0.131312,0.120568,0.107376,0.108088,0.135556,0.131333,0.145599,0.109513,0.121697,0.121063,0.117873,0.136313,0.141214,0.146414,0.112396,0.106599,0.125894,0.127889
-15.1959,0.160464,0.149664,0.139117,0.144481,0.172643,0.176391,0.153815,0.153997,0.168941,0.152221,0.163321,0.128336,0.128868,0.127459,0.117748,0.142074,0.155889,0.147553,0.146321,0.138511,0.126181,0.13088,0.154987,0.151733,0.164261,0.126635,0.13931,0.135978,0.127203,0.156382,0.163385,0.16401,0.126224,0.12265,0.14102,0.149088
-14.6959,0.181536,0.173837,0.167822,0.166296,0.191467,0.201955,0.181924,0.179105,0.182278,0.173265,0.187573,0.147972,0.151138,0.148317,0.134817,0.158886,0.173658,0.160064,0.16528,0.158693,0.148244,0.157838,0.174922,0.175226,0.187359,0.146259,0.163099,0.155581,0.140633,0.178304,0.187069,0.182629,0.145731,0.143992,0.159143,0.171772
-14.1959,0.201588,0.196095,0.195773,0.190624,0.208159,0.226535,0.204953,0.200339,0.19332,0.193632,0.20736,0.168433,0.177452,0.164968,0.155112,0.175169,0.18893,0.171002,0.184895,0.177811,0.168855,0.182086,0.191068,0.195909,0.209359,0.164259,0.187849,0.176102,0.155211,0.196369,0.204891,0.198828,0.168468,0.166038,0.175711,0.191258
-13.6959,0.214989,0.213333,0.212753,0.211443,0.220962,0.244038,0.216615,0.213347,0.202363,0.2086,0.218918,0.185478,0.202179,0.173482,0.173865,0.188708,0.19798,0.179536,0.201629,0.193579,0.185112,0.198434,0.201593,0.209428,0.22674,0.178359,0.206761,0.193553,0.167056,0.206412,0.213509,0.210671,0.189785,0.185341,0.186559,0.206035
-13.1959,0.220902,0.224589,0.216513,0.224177,0.230174,0.253724,0.216069,0.218932,0.210405,0.215879,0.224206,0.196309,0.218877,0.176079,0.186987,0.198618,0.201155,0.187522,0.213961,0.205031,0.197128,0.206951,0.207263,0.215991,0.238724,0.187741,0.215989,0.205499,0.17434,0.208323,0.214998,0.217854,0.205383,0.20104,0.189465,0.216451
-12.6959,0.222638,0.231412,0.214671,0.229591,0.237157,0.259597,0.209629,0.221749,0.219121,0.217445,0.228162,0.20259,0.225563,0.179882,0.195226,0.20522,0.203752,0.198489,0.224235,0.213351,0.206941,0.211232,0.212016,0.22091,0.247161,0.193367,0.218398,0.213493,0.178724,0.206965,0.215773,0.222771,0.214463,0.214787,0.188579,0.224699
-12.1959,0.223887,0.236374,0.216916,0.232629,0.242847,0.26441,0.206975,0.226841,0.230376,0.218102,0.233116,0.209243,0.226208,0.189823,0.202892,0.210986,0.209325,0.212228,0.236027,0.221448,0.216083,0.215713,0.219401,0.229634,0.255655,0.19887,0.221272,0.222565,0.183883,0.208607,0.221772,0.228675,0.220316,0.227297,0.191875,0.232835
-11.6959,0.22777,0.242838,0.227059,0.239011,0.248755,0.268476,0.214386,0.236311,0.245379,0.222606,0.239675,0.220812,0.228236,0.205855,0.214629,0.219989,0.217772,0.226137,0.25107,0.232142,0.225851,0.223513,0.229357,0.242594,0.267288,0.208727,0.229389,0.237228,0.193008,0.216267,0.234231,0.237611,0.228213,0.238666,0.203986,0.241579
-11.1959,0.235589,0.25202,0.241982,0.251148,0.256558,0.271897,0.230392,0.249171,0.264178,0.233264,0.249559,0.237378,0.23609,0.225757,0.231601,0.234286,0.226844,0.237145,0.268049,0.246158,0.238219,0.235878,0.238917,0.255793,0.282248,0.225047,0.241865,0.257117,0.206257,0.228565,0.249919,0.248204,0.241008,0.249646,0.222604,0.25023
-10.6959,0.247821,0.263859,0.256676,0.268516,0.26752,0.27722,0.247713,0.263573,0.284368,0.249432,0.264993,0.255009,0.249438,0.247896,0.251258,0.253053,0.23501,0.24448,0.283442,0.261369,0.254468,0.253221,0.246353,0.266006,0.297333,0.246187,0.255535,0.27716,0.221717,0.241874,0.26446,0.257713,0.257786,0.262341,0.240413,0.258435
-10.1959,0.264611,0.27761,0.268034,0.288484,0.280902,0.287961,0.260338,0.276458,0.302365,0.26824,0.285866,0.269244,0.264161,0.270206,0.269826,0.271479,0.243826,0.250703,0.293598,0.273969,0.273152,0.273026,0.254154,0.274276,0.308914,0.267344,0.26799,0.292037,0.237173,0.253519,0.275542,0.265801,0.274435,0.277607,0.252504,0.266624
-9.69592,0.283947,0.290606,0.277259,0.307334,0.293448,0.30208,0.268288,0.285539,0.316253,0.285533,0.308526,0.279394,0.276203,0.289491,0.283272,0.283819,0.254332,0.258115,0.29798,0.282261,0.29011,0.291096,0.265938,0.284232,0.317286,0.283463,0.278924,0.301367,0.250616,0.263825,0.284336,0.273945,0.288122,0.291814,0.260974,0.274823
-9.19592,0.302467,0.299766,0.286452,0.320664,0.301523,0.313309,0.274585,0.289826,0.323818,0.298333,0.326794,0.286016,0.284228,0.302347,0.289068,0.288174,0.265354,0.26659,0.29868,0.287163,0.301795,0.304419,0.282315,0.297853,0.323724,0.291786,0.287257,0.307581,0.26095,0.273771,0.292076,0.282392,0.298428,0.301823,0.269006,0.282333
-8.69592,0.316576,0.304661,0.296346,0.325901,0.304005,0.317651,0.280882,0.290569,0.325971,0.306452,0.337956,0.289153,0.28842,0.307761,0.28804,0.287047,0.275187,0.275595,0.298536,0.290971,0.30887,0.313849,0.299185,0.31305,0.32841,0.293821,0.292083,0.312897,0.269699,0.283573,0.29877,0.288997,0.306179,0.308619,0.276545,0.287828
-8.19592,0.323681,0.306453,0.306667,0.325862,0.301826,0.316318,0.286594,0.291066,0.325299,0.310205,0.344239,0.288114,0.290304,0.307124,0.283687,0.284328,0.282517,0.284958,0.298833,0.293987,0.313954,0.322591,0.310708,0.325413,0.32918,0.292931,0.294044,0.316794,0.278433,0.292622,0.304658,0.291333,0.311685,0.315632,0.282285,0.291816
-7.69592,0.3245,0.307703,0.316301,0.325454,0.295507,0.312227,0.291209,0.292523,0.323228,0.307856,0.346662,0.281982,0.290573,0.30159,0.279523,0.2824,0.286469,0.293722,0.299397,0.294512,0.318054,0.331189,0.314892,0.332132,0.323597,0.292972,0.293947,0.317725,0.286968,0.300347,0.310096,0.288826,0.313208,0.323671,0.285905,0.295719
-7.19592,0.322572,0.308552,0.323737,0.327325,0.285455,0.306535,0.29481,0.293909,0.319343,0.297514,0.347731,0.273196,0.288196,0.293313,0.275595,0.279398,0.286655,0.299967,0.29959,0.290105,0.32038,0.336068,0.31371,0.333643,0.313258,0.29395,0.29313,0.315276,0.294057,0.305759,0.314539,0.282521,0.309787,0.328673,0.288693,0.299295
-6.69592,0.321896,0.306366,0.326927,0.329105,0.275428,0.299583,0.297766,0.294679,0.311398,0.279919,0.348528,0.265059,0.283994,0.285195,0.270247,0.271052,0.2837,0.300979,0.299597,0.281953,0.319726,0.332895,0.309874,0.33206,0.302123,0.29175,0.292135,0.309291,0.297629,0.307753,0.31703,0.274284,0.30323,0.326301,0.29034,0.301466
-6.19592,0.322624,0.301235,0.323241,0.325544,0.269785,0.291948,0.299865,0.294942,0.300726,0.258693,0.344329,0.258521,0.279646,0.278917,0.262516,0.257141,0.279663,0.294928,0.298715,0.27483,0.315576,0.32143,0.303432,0.326957,0.291818,0.28362,0.291257,0.2996,0.29585,0.30714,0.316778,0.265356,0.29596,0.316686,0.288013,0.301266
-5.69592,0.321698,0.292544,0.310659,0.313158,0.268988,0.284081,0.299745,0.293764,0.290481,0.237776,0.33375,0.251311,0.275578,0.272943,0.254131,0.242328,0.275324,0.282904,0.295494,0.271068,0.307515,0.304582,0.293457,0.315534,0.280888,0.26982,0.289638,0.28665,0.287962,0.305153,0.313525,0.255552,0.28765,0.302872,0.281079,0.296856
-5.19592,0.316662,0.278352,0.290317,0.292847,0.269036,0.274519,0.29498,0.288369,0.280631,0.218559,0.315476,0.240288,0.270214,0.263656,0.247836,0.231231,0.270236,0.268722,0.289496,0.268977,0.296079,0.286313,0.27989,0.29788,0.267943,0.254656,0.282129,0.270987,0.273818,0.301244,0.307259,0.243806,0.276243,0.286213,0.272259,0.288166
-4.69592,0.304774,0.259483,0.267115,0.269025,0.261824,0.260672,0.28282,0.276735,0.268726,0.200748,0.290061,0.22519,0.260031,0.247075,0.243465,0.225895,0.262625,0.255668,0.28092,0.264092,0.281956,0.268186,0.262055,0.275576,0.253247,0.243402,0.265491,0.253088,0.255549,0.294572,0.297821,0.228672,0.260841,0.266697,0.263138,0.275958
-4.19592,0.286401,0.237609,0.245118,0.245828,0.244748,0.242215,0.262856,0.260089,0.252033,0.184349,0.261375,0.207758,0.243525,0.226115,0.237709,0.223752,0.249898,0.243935,0.270505,0.252958,0.2639,0.248698,0.242636,0.251357,0.2374,0.235462,0.242567,0.233458,0.236951,0.282998,0.283909,0.209913,0.241991,0.24506,0.25193,0.261404
-3.69592,0.264027,0.216944,0.226689,0.225295,0.223699,0.222935,0.240086,0.243161,0.231279,0.1695,0.233015,0.190447,0.223931,0.205082,0.228045,0.219788,0.232031,0.232636,0.257892,0.235786,0.243041,0.226515,0.222791,0.228941,0.2224,0.226601,0.220477,0.212737,0.221056,0.265476,0.26528,0.189984,0.222497,0.224178,0.237755,0.249074
-3.19592,0.240885,0.200052,0.211981,0.206199,0.204608,0.206576,0.221508,0.230472,0.210254,0.155283,0.208316,0.174959,0.207365,0.185316,0.215451,0.212366,0.211182,0.220654,0.243407,0.216269,0.220013,0.204746,0.203737,0.209457,0.208027,0.213257,0.203705,0.191998,0.208042,0.24515,0.244278,0.171622,0.205122,0.206942,0.220717,0.240622
-2.69592,0.221254,0.186556,0.200577,0.189929,0.19101,0.19375,0.210549,0.222909,0.193078,0.142847,0.189681,0.163052,0.197974,0.168372,0.203199,0.203185,0.192581,0.208746,0.227651,0.198396,0.198022,0.18902,0.188871,0.195381,0.195442,0.19631,0.191422,0.173719,0.196654,0.22598,0.225222,0.158021,0.191481,0.195277,0.205485,0.235269
-2.19592,0.207944,0.176956,0.192619,0.180171,0.182963,0.18464,0.20595,0.2179,0.182717,0.136815,0.179867,0.157639,0.194851,0.154162,0.194666,0.195622,0.181841,0.200866,0.212983,0.185835,0.182721,0.182467,0.180062,0.188591,0.186502,0.181535,0.181572,0.161057,0.186705,0.212438,0.213475,0.152008,0.184044,0.190533,0.197069,0.231217
-1.69592,0.202623,0.173921,0.189246,0.18161,0.179723,0.182514,0.203171,0.213089,0.180455,0.14042,0.179069,0.161584,0.19517,0.143734,0.191063,0.192343,0.182907,0.200392,0.203204,0.182256,0.175954,0.184361,0.178685,0.188311,0.182207,0.174968,0.176189,0.157282,0.180099,0.208371,0.212288,0.155571,0.18483,0.193037,0.196945,0.226561
-1.19592,0.203151,0.176506,0.189817,0.191779,0.180773,0.186301,0.200499,0.208638,0.183828,0.150198,0.183847,0.171009,0.19626,0.138762,0.190415,0.192604,0.191775,0.205656,0.198974,0.185505,0.176226,0.189187,0.182159,0.1916,0.181979,0.175992,0.176817,0.160935,0.177937,0.21138,0.218047,0.164675,0.190289,0.199823,0.20184,0.221753
-0.695923,0.207525,0.182304,0.193407,0.205086,0.186204,0.194564,0.198591,0.204866,0.190517,0.162469,0.19185,0.182505,0.19715,0.138196,0.191269,0.195303,0.203762,0.215452,0.200604,0.192603,0.180503,0.193511,0.187716,0.19646,0.183791,0.181376,0.18297,0.169274,0.180085,0.218178,0.226182,0.176528,0.198378,0.209045,0.208968,0.218094
-0.195923,0.218275,0.193057,0.206177,0.225904,0.204761,0.212754,0.197357,0.203872,0.204999,0.180586,0.204786,0.200412,0.200817,0.143519,0.195259,0.201139,0.223173,0.237659,0.214415,0.207686,0.190921,0.200292,0.196703,0.204614,0.18931,0.193308,0.199731,0.188833,0.191709,0.232185,0.238857,0.199096,0.212173,0.22506,0.217906,0.217902
0.304077,0.231793,0.203057,0.225766,0.248784,0.233257,0.2309,0.199512,0.21052,0.227252,0.199338,0.217873,0.218328,0.209099,0.156367,0.200528,0.209942,0.243728,0.265722,0.237065,0.226911,0.204984,0.209628,0.205354,0.211887,0.199382,0.204518,0.223124,0.217347,0.212038,0.248978,0.252663,0.226953,0.225394,0.244156,0.224421,0.224339
0.804077,0.242948,0.208024,0.242211,0.265751,0.255201,0.239736,0.204565,0.222724,0.246304,0.209986,0.226499,0.229582,0.218677,0.169912,0.203364,0.218772,0.258013,0.282773,0.253938,0.241748,0.21516,0.215674,0.210594,0.21532,0.210679,0.207772,0.243856,0.240544,0.229058,0.260176,0.260708,0.243867,0.233781,0.256322,0.229406,0.232915
1.30408,0.251849,0.211664,0.255456,0.276302,0.266956,0.244172,0.210297,0.236007,0.255332,0.214198,0.232641,0.235168,0.228879,0.182615,0.203792,0.226349,0.266493,0.290016,0.26223,0.251194,0.220282,0.218631,0.213687,0.217328,0.22191,0.20655,0.258228,0.253679,0.238666,0.26683,0.263817,0.249149,0.238324,0.260939,0.234872,0.239655
1.80408,0.263855,0.220058,0.272578,0.286581,0.279182,0.251702,0.219358,0.253708,0.26332,0.219485,0.239755,0.240132,0.243526,0.201146,0.204957,0.23592,0.275676,0.29885,0.270373,0.261687,0.224878,0.221781,0.217246,0.220155,0.238283,0.205723,0.272594,0.264938,0.247043,0.274454,0.265952,0.251422,0.243575,0.265313,0.244065,0.246516
2.30408,0.278582,0.23714,0.290934,0.294692,0.290516,0.263975,0.232454,0.273349,0.270371,0.227376,0.245982,0.244541,0.259866,0.223455,0.209247,0.245824,0.282789,0.309519,0.278384,0.272558,0.229627,0.22484,0.221701,0.224606,0.257152,0.207977,0.282824,0.272436,0.251551,0.282606,0.26782,0.251103,0.249299,0.270102,0.255879,0.251023
2.80408,0.294931,0.264701,0.306782,0.302553,0.302572,0.281213,0.249299,0.291855,0.282278,0.242004,0.251425,0.250538,0.275169,0.247656,0.21982,0.255546,0.287992,0.323509,0.286861,0.284588,0.238197,0.228915,0.228666,0.231545,0.276715,0.215896,0.288764,0.280976,0.254672,0.293924,0.273543,0.255605,0.255645,0.279213,0.268273,0.253383
3.30408,0.310103,0.300523,0.3182,0.314051,0.316901,0.301836,0.269519,0.310864,0.303965,0.261866,0.258371,0.260516,0.289614,0.272286,0.236196,0.266999,0.293108,0.338612,0.297099,0.297244,0.252941,0.235827,0.239447,0.241117,0.295543,0.228323,0.296921,0.296191,0.26072,0.309204,0.285644,0.268664,0.263701,0.293885,0.280515,0.255491
3.80408,0.322844,0.337045,0.327717,0.328637,0.330893,0.325336,0.290641,0.331014,0.331371,0.28024,0.27081,0.275191,0.303421,0.297099,0.254654,0.282558,0.298351,0.349162,0.30961,0.310341,0.271012,0.246199,0.253638,0.253064,0.311746,0.243309,0.310693,0.317945,0.270671,0.326005,0.304224,0.288622,0.272586,0.310638,0.294083,0.260829
4.30408,0.33178,0.36903,0.340081,0.344544,0.345845,0.351027,0.309861,0.350537,0.356928,0.29195,0.290461,0.292028,0.315442,0.322249,0.271278,0.302549,0.303328,0.35302,0.322582,0.323535,0.287606,0.259344,0.26986,0.266099,0.325578,0.260809,0.328541,0.341,0.281956,0.340165,0.326765,0.309813,0.28112,0.325465,0.30979,0.2707
4.80408,0.338705,0.392009,0.356881,0.360133,0.364841,0.377335,0.325995,0.36777,0.374925,0.297462,0.314147,0.310628,0.325096,0.346164,0.284366,0.323741,0.306883,0.351331,0.334754,0.337268,0.298914,0.272984,0.285716,0.279216,0.336588,0.280338,0.346449,0.359761,0.291433,0.351422,0.349362,0.32513,0.28811,0.334222,0.3258,0.284487
5.30408,0.345691,0.404234,0.37611,0.37449,0.390099,0.401884,0.338551,0.379937,0.38547,0.300934,0.336526,0.330313,0.33123,0.365135,0.29436,0.34092,0.309277,0.34754,0.343436,0.350662,0.305407,0.284932,0.300228,0.291854,0.343736,0.299902,0.360027,0.371729,0.29743,0.36293,0.368167,0.332329,0.292355,0.336919,0.338529,0.299335
5.80408,0.353962,0.409382,0.391125,0.387361,0.419379,0.421996,0.349794,0.389104,0.390613,0.307181,0.35276,0.349094,0.336723,0.375446,0.302357,0.349938,0.312078,0.345127,0.348473,0.362252,0.309877,0.29526,0.312272,0.303643,0.347329,0.315089,0.368356,0.377536,0.301212,0.377521,0.380194,0.333281,0.295112,0.336164,0.346052,0.311699
6.30408,0.363759,0.409937,0.398112,0.39739,0.443716,0.437525,0.362005,0.398348,0.393381,0.317762,0.363738,0.364198,0.345262,0.378433,0.308632,0.351906,0.316524,0.344841,0.353676,0.371654,0.314899,0.305717,0.320181,0.315135,0.348333,0.324327,0.373467,0.380724,0.30498,0.394207,0.386455,0.332003,0.297285,0.334909,0.349066,0.320057
6.80408,0.372732,0.410745,0.398652,0.405291,0.455169,0.448004,0.375431,0.408435,0.392871,0.329891,0.371367,0.372455,0.356186,0.377888,0.312631,0.350087,0.322447,0.3455,0.361505,0.37912,0.320658,0.317583,0.324896,0.325192,0.348596,0.330198,0.377902,0.384599,0.309743,0.406353,0.389888,0.330667,0.299954,0.335969,0.349673,0.323751
7.30408,0.379681,0.414286,0.396438,0.412579,0.451821,0.453073,0.389767,0.418965,0.389081,0.341466,0.377482,0.374811,0.368103,0.377557,0.315966,0.347958,0.328618,0.34547,0.370241,0.384199,0.326612,0.328629,0.327408,0.333925,0.350031,0.337717,0.383692,0.390914,0.315276,0.410178,0.39433,0.330118,0.304251,0.339044,0.350313,0.325256
7.80408,0.383947,0.421428,0.395412,0.421472,0.440262,0.45365,0.403163,0.428631,0.384911,0.350637,0.382619,0.374876,0.377734,0.378349,0.319851,0.347132,0.33307,0.345905,0.375514,0.384503,0.331767,0.336874,0.329329,0.340807,0.353391,0.348545,0.390531,0.398317,0.319988,0.40846,0.401712,0.331802,0.309979,0.343147,0.35179,0.32774
8.30408,0.386926,0.4304,0.395341,0.432505,0.429385,0.45141,0.413607,0.436544,0.383195,0.357563,0.38569,0.377568,0.382358,0.379927,0.325989,0.348026,0.336887,0.347559,0.375201,0.381157,0.334953,0.342101,0.332269,0.346378,0.359359,0.359768,0.397374,0.405309,0.321969,0.407799,0.411073,0.337116,0.317057,0.3478,0.354153,0.332964
8.80408,0.390456,0.437736,0.396534,0.443731,0.422831,0.448689,0.419897,0.442914,0.385732,0.363655,0.387453,0.383469,0.382897,0.380531,0.332938,0.35064,0.340216,0.350261,0.370352,0.37749,0.335816,0.346055,0.335409,0.352009,0.366294,0.366259,0.403811,0.411156,0.318966,0.413702,0.420252,0.345667,0.323958,0.352437,0.35616,0.339636
9.30408,0.395963,0.439806,0.399375,0.451571,0.420937,0.444738,0.42127,0.445669,0.389782,0.369644,0.389043,0.390243,0.38262,0.38001,0.338486,0.354088,0.341807,0.353019,0.366198,0.375842,0.335021,0.351166,0.337743,0.357972,0.372433,0.366742,0.410514,0.415825,0.311873,0.424575,0.427086,0.354606,0.329667,0.356509,0.356575,0.343905
9.80408,0.402417,0.434757,0.404152,0.452838,0.419957,0.440489,0.418776,0.443163,0.392151,0.373201,0.390167,0.395274,0.382854,0.377005,0.34172,0.35616,0.340942,0.353461,0.364824,0.375576,0.334275,0.355447,0.338263,0.364585,0.3758,0.363492,0.417782,0.417488,0.304786,0.431969,0.429685,0.361597,0.332871,0.358939,0.356286,0.342825
10.3041,0.407153,0.424407,0.409403,0.446285,0.418419,0.435594,0.415173,0.437074,0.390446,0.371926,0.38854,0.397328,0.382401,0.370059,0.341983,0.354458,0.335566,0.350284,0.365038,0.373495,0.33505,0.357437,0.335877,0.36932,0.376204,0.358609,0.422806,0.414007,0.302417,0.430566,0.427166,0.364333,0.333238,0.358051,0.356906,0.337221
10.8041,0.407622,0.411428,0.411043,0.434909,0.418051,0.430716,0.411556,0.428224,0.385189,0.366791,0.381915,0.396783,0.378112,0.360415,0.340576,0.349215,0.326931,0.342913,0.366274,0.371051,0.337842,0.35792,0.330423,0.369928,0.376564,0.353952,0.421247,0.405645,0.30625,0.421395,0.420401,0.362861,0.332916,0.354205,0.357133,0.330169
11.3041,0.403327,0.39949,0.407659,0.423151,0.419045,0.428972,0.408144,0.420037,0.379802,0.360788,0.372111,0.39425,0.3699,0.350834,0.338981,0.34326,0.320236,0.333186,0.367716,0.371745,0.341879,0.360527,0.324885,0.366216,0.380085,0.348881,0.412025,0.39451,0.313719,0.410152,0.412398,0.357826,0.334035,0.349371,0.354873,0.324839
11.8041,0.397456,0.390836,0.401178,0.413966,0.419186,0.429954,0.404872,0.415214,0.375181,0.356762,0.364085,0.390013,0.361036,0.344426,0.339468,0.340985,0.318373,0.324682,0.371772,0.376079,0.345619,0.367316,0.322015,0.36041,0.386245,0.342988,0.398398,0.384268,0.321834,0.402526,0.406554,0.35193,0.338909,0.346242,0.350173,0.323381
12.3041,0.393703,0.387745,0.396784,0.408361,0.419029,0.432552,0.402752,0.415225,0.373364,0.356624,0.363623,0.385492,0.356143,0.342994,0.343205,0.34482,0.323531,0.322347,0.380774,0.382605,0.350031,0.376164,0.323316,0.358312,0.393398,0.337856,0.387525,0.37751,0.329204,0.399472,0.404947,0.350051,0.346186,0.347448,0.346428,0.326753
12.8041,0.394597,0.391336,0.397649,0.403906,0.418652,0.434531,0.403574,0.419993,0.374281,0.360843,0.370733,0.38346,0.357227,0.34544,0.351658,0.352525,0.334283,0.327262,0.393623,0.388819,0.356191,0.384753,0.328385,0.362214,0.399109,0.334163,0.382925,0.375595,0.337079,0.399836,0.405194,0.354652,0.352772,0.353915,0.348663,0.334174
13.3041,0.399497,0.401186,0.403555,0.399787,0.420129,0.436645,0.409354,0.426902,0.377446,0.370826,0.382586,0.385285,0.364139,0.349795,0.362728,0.362463,0.3469,0.337138,0.408019,0.396197,0.365461,0.391309,0.334071,0.370934,0.403491,0.332946,0.383837,0.379151,0.346995,0.402281,0.406495,0.363618,0.357934,0.364776,0.356455,0.344182
13.8041,0.407713,0.415189,0.412261,0.396963,0.427244,0.442867,0.418841,0.433431,0.383764,0.3879,0.396459,0.390913,0.375391,0.356101,0.37362,0.373187,0.359909,0.349014,0.421559,0.407825,0.377867,0.397851,0.340788,0.38056,0.407802,0.33591,0.386897,0.386886,0.359042,0.406925,0.410506,0.372809,0.363538,0.377838,0.368268,0.355448
14.3041,0.417729,0.429632,0.421583,0.398127,0.438286,0.456237,0.428917,0.439865,0.391867,0.408153,0.40932,0.398151,0.388234,0.364012,0.382932,0.382725,0.370528,0.360347,0.43235,0.421531,0.390263,0.405585,0.349688,0.387952,0.412362,0.343684,0.389386,0.394908,0.373035,0.413454,0.418048,0.380382,0.372317,0.390015,0.38156,0.367428
14.8041,0.427417,0.442583,0.430411,0.404452,0.451897,0.473375,0.437917,0.447643,0.400791,0.425089,0.420885,0.40484,0.399646,0.373394,0.389979,0.39147,0.378765,0.371777,0.44026,0.432862,0.402137,0.414236,0.360174,0.394425,0.418175,0.355413,0.392402,0.401047,0.388708,0.420503,0.427358,0.386375,0.383927,0.400645,0.392939,0.378372
15.3041,0.434725,0.45214,0.438159,0.412391,0.464871,0.485705,0.44481,0.456298,0.408993,0.433784,0.429277,0.411045,0.406639,0.383343,0.395483,0.397876,0.384119,0.380866,0.443372,0.438036,0.412348,0.422758,0.370123,0.401065,0.42436,0.368069,0.396555,0.404387,0.402418,0.426564,0.433103,0.39163,0.394646,0.409897,0.401021,0.385615
15.8041,0.437229,0.458299,0.443304,0.416781,0.472577,0.487461,0.449882,0.46286,0.415233,0.432881,0.433122,0.415176,0.407286,0.391087,0.39955,0.401547,0.384974,0.385119,0.441923,0.435675,0.41895,0.428873,0.375527,0.406257,0.428702,0.377808,0.400837,0.404797,0.410288,0.428756,0.43139,0.394403,0.400465,0.418716,0.404088,0.387528
16.3041,0.434052,0.461262,0.443711,0.413944,0.472702,0.478864,0.452088,0.46319,0.41641,0.425146,0.432762,0.416038,0.400121,0.394323,0.400324,0.403407,0.380189,0.382332,0.436974,0.427315,0.419205,0.430365,0.374105,0.405777,0.427597,0.381906,0.40293,0.401914,0.409583,0.425494,0.422397,0.392585,0.398718,0.425563,0.40326,0.383608
16.8041,0.425405,0.459452,0.438153,0.403197,0.463804,0.464348,0.447647,0.454632,0.411217,0.413535,0.428386,0.411606,0.385347,0.391355,0.395791,0.401554,0.368462,0.37185,0.428922,0.414779,0.41039,0.42516,0.36643,0.397028,0.417809,0.378879,0.400001,0.393245,0.401002,0.416839,0.408227,0.385764,0.389116,0.425492,0.400189,0.375058
17.3041,0.412247,0.449831,0.42536,0.386934,0.445698,0.446398,0.433462,0.436747,0.400199,0.397647,0.419627,0.400011,0.36373,0.381988,0.38543,0.393447,0.350667,0.355584,0.417075,0.398248,0.393371,0.413571,0.353303,0.38113,0.39964,0.368712,0.39034,0.378989,0.38902,0.40309,0.390055,0.37477,0.37368,0.414995,0.393548,0.362849
17.8041,0.397977,0.433165,0.407853,0.370023,0.423527,0.426814,0.412614,0.414059,0.386416,0.379355,0.408079,0.383976,0.340023,0.369286,0.371541,0.37983,0.331648,0.337978,0.402272,0.380736,0.374124,0.399037,0.337951,0.363596,0.378532,0.354921,0.376124,0.36236,0.378417,0.387539,0.371241,0.361788,0.357523,0.396552,0.382865,0.349622
18.3041,0.385673,0.413147,0.38944,0.355828,0.402427,0.406706,0.390586,0.391624,0.373369,0.36178,0.395455,0.366653,0.318297,0.356039,0.357153,0.363883,0.31519,0.3224,0.38588,0.364191,0.357191,0.384695,0.323142,0.3488,0.359047,0.341119,0.360473,0.346899,0.371002,0.373232,0.354706,0.3488,0.344159,0.375757,0.369952,0.338006
18.8041,0.37665,0.394366,0.373446,0.345467,0.385593,0.388494,0.371732,0.373103,0.362962,0.347099,0.383543,0.351671,0.301733,0.344825,0.345066,0.349462,0.303136,0.310888,0.371276,0.350161,0.344658,0.373165,0.311165,0.337871,0.344058,0.330089,0.346209,0.335181,0.366192,0.361645,0.342293,0.337785,0.334958,0.357878,0.357801,0.329659
19.3041,0.369973,0.377091,0.358391,0.338037,0.371582,0.370759,0.35506,0.356646,0.352838,0.334527,0.371765,0.337553,0.287626,0.334378,0.334028,0.335897,0.293428,0.30202,0.358102,0.337086,0.334674,0.363049,0.301092,0.329087,0.331293,0.321615,0.332835,0.324941,0.362685,0.351775,0.33261,0.327541,0.328478,0.342453,0.346363,0.323792
