Arc_length vs Data,001_12months_DTI_antsBM,002_12months_DTI_antsBM,007_12months_DTI_antsBM,008_12months_DTI_antsBM,010_10months_DTI_antsBM,010_14months_DTI_antsBM,012_10months_DTI_antsBM,012_14months_DTI_antsBM,013_13months_DTI_antsBM,014_13months_DTI_antsBM,016_12months_DTI_antsBM,017_11months_DTI_antsBM,018_11months_DTI_antsBM,019_12months_DTI_antsBM,020_11months_DTI_antsBM,020_14months_DTI_antsBM,021_11months_DTI_antsBM,021_14months_DTI_antsBM,022_11months_DTI_antsBM,022_14months_DTI_antsBM,023_11months_DTI_antsBM,023_14months_DTI_antsBM,025_10months_DTI_antsBM,025_13months_DTI_antsBM,026_11months_DTI_antsBM,027_11months_DTI_antsBM,028_13months_DTI_antsBM,029_12months_DTI_antsBM,030_12months_DTI_antsBM,031_10months_DTI_antsBM,031_13months_DTI_antsBM,032_12months_DTI_antsBM,033_10months_DTI_antsBM,033_13months_DTI_antsBM,034_12months_DTI_antsBM,035_12months_DTI_antsBM,036_12months_DTI_antsBM
-21.4606,0.173849,0.160695,0.168338,0.139218,0.152617,0.154041,0.161193,0.155049,0.148076,0.152096,0.147589,0.156723,0.157469,0.169178,0.151285,0.141735,0.152996,0.145188,0.128079,0.12425,0.143664,0.152383,0.142736,0.154438,0.139017,0.141231,0.14482,0.115612,0.14416,0.143506,0.161871,0.147975,0.139123,0.147548,0.129468,0.133499,0.128068
-20.9606,0.180064,0.156813,0.178348,0.151703,0.151032,0.162225,0.161645,0.158274,0.15512,0.167037,0.156021,0.17053,0.167113,0.178775,0.168372,0.153652,0.168666,0.151778,0.144089,0.136892,0.141167,0.144893,0.143887,0.15304,0.159814,0.148272,0.147415,0.130342,0.15439,0.146993,0.172061,0.157822,0.146485,0.164358,0.15442,0.144495,0.143642
-20.4606,0.188185,0.164924,0.190249,0.166808,0.160241,0.172449,0.167216,0.166291,0.170104,0.181264,0.167694,0.185714,0.177197,0.186369,0.181276,0.164654,0.181903,0.164353,0.157883,0.148479,0.14567,0.151354,0.150075,0.157651,0.175165,0.161462,0.152755,0.142635,0.16503,0.154998,0.182603,0.170496,0.158292,0.177806,0.174852,0.157196,0.160412
-19.9606,0.200431,0.182697,0.206689,0.182663,0.179654,0.190504,0.17742,0.178328,0.194441,0.195026,0.182909,0.198581,0.190874,0.199775,0.19402,0.176992,0.195619,0.180551,0.17437,0.162318,0.157293,0.165113,0.163129,0.17184,0.19092,0.179418,0.16462,0.157453,0.177427,0.170028,0.194665,0.186315,0.176143,0.193504,0.193635,0.171013,0.17978
-19.4606,0.217126,0.203991,0.226074,0.199314,0.203025,0.211335,0.1905,0.194026,0.222213,0.208516,0.2011,0.212134,0.208275,0.217547,0.209093,0.190841,0.208714,0.197511,0.193748,0.178488,0.173007,0.182731,0.179915,0.190069,0.208611,0.198722,0.181212,0.174544,0.191482,0.188742,0.209098,0.204095,0.19465,0.211197,0.212164,0.185836,0.200517
-18.9606,0.237555,0.229796,0.249387,0.218566,0.22885,0.235431,0.207907,0.214172,0.252014,0.223975,0.223921,0.226946,0.229302,0.239495,0.227815,0.207719,0.223093,0.2164,0.216727,0.19805,0.19301,0.204789,0.19958,0.211054,0.229285,0.220526,0.202309,0.194559,0.208117,0.209875,0.227384,0.224905,0.214427,0.232243,0.232525,0.203515,0.223136
-18.4606,0.262965,0.262353,0.278585,0.242093,0.25849,0.265405,0.231036,0.240437,0.285123,0.244561,0.252116,0.243592,0.255683,0.26637,0.250198,0.229517,0.240196,0.23795,0.244937,0.222866,0.218301,0.233171,0.223197,0.235483,0.254873,0.245835,0.228512,0.218717,0.228144,0.233996,0.249873,0.249035,0.237128,0.257286,0.257566,0.224611,0.249697
-17.9606,0.290032,0.297049,0.309539,0.265192,0.287661,0.296021,0.256721,0.269299,0.315676,0.268269,0.280907,0.260613,0.283591,0.293181,0.272873,0.254118,0.257403,0.257826,0.274643,0.249616,0.245235,0.264214,0.247913,0.259822,0.282562,0.27089,0.256269,0.243004,0.247935,0.257375,0.273948,0.272864,0.258427,0.282812,0.285417,0.245752,0.277006
-17.4606,0.311445,0.325393,0.33558,0.280662,0.312573,0.321982,0.279925,0.29398,0.339027,0.290609,0.302942,0.274456,0.307101,0.313371,0.291711,0.278692,0.271507,0.271394,0.298112,0.272683,0.268256,0.290596,0.268694,0.280936,0.306821,0.293797,0.280856,0.262918,0.263278,0.275943,0.294918,0.292514,0.275255,0.304082,0.31035,0.263723,0.300199
-16.9606,0.325716,0.342791,0.353089,0.287135,0.33328,0.342985,0.298514,0.31273,0.357951,0.307578,0.316473,0.284072,0.324207,0.325251,0.305738,0.30104,0.281706,0.277884,0.309024,0.287965,0.285208,0.309917,0.284281,0.299513,0.323359,0.313919,0.301345,0.276934,0.273216,0.290908,0.310509,0.307429,0.288891,0.320828,0.328662,0.277994,0.31827
-16.4606,0.334794,0.349768,0.361125,0.289452,0.349139,0.360136,0.311598,0.326039,0.373783,0.318167,0.326045,0.29001,0.334998,0.330039,0.317326,0.319022,0.289844,0.280345,0.306764,0.293112,0.296903,0.323094,0.294243,0.315301,0.330927,0.328662,0.318637,0.285315,0.278777,0.303548,0.321447,0.317409,0.300828,0.334232,0.33976,0.289174,0.33168
-15.9606,0.341502,0.350359,0.35885,0.294419,0.359477,0.374498,0.319598,0.334949,0.385454,0.325142,0.337054,0.293746,0.341759,0.331922,0.328042,0.331898,0.297154,0.283079,0.296321,0.288833,0.305941,0.331875,0.299627,0.327411,0.331344,0.338363,0.332177,0.291112,0.282379,0.313091,0.329887,0.322199,0.312078,0.344873,0.345437,0.298696,0.341085
-15.4606,0.348746,0.351364,0.347955,0.305609,0.367041,0.386491,0.324022,0.340852,0.394216,0.33125,0.351352,0.299185,0.348535,0.336066,0.33786,0.340042,0.304955,0.288794,0.288116,0.282323,0.314338,0.338427,0.303286,0.336583,0.328144,0.345222,0.342579,0.297379,0.286507,0.319722,0.337918,0.32321,0.32266,0.353191,0.349477,0.307227,0.348462
-14.9606,0.358114,0.358654,0.336238,0.321502,0.377517,0.398423,0.32824,0.345799,0.402643,0.338498,0.368398,0.311261,0.357909,0.34606,0.3492,0.34593,0.314053,0.298944,0.292304,0.284501,0.324227,0.345121,0.30894,0.344815,0.327634,0.351826,0.352201,0.306735,0.291593,0.325679,0.346431,0.323837,0.332268,0.360037,0.355662,0.316131,0.357255
-14.4606,0.367174,0.371989,0.331055,0.336967,0.39077,0.409018,0.334455,0.350317,0.411559,0.344643,0.383483,0.329802,0.368449,0.359952,0.362259,0.352099,0.322449,0.311673,0.30841,0.297278,0.334488,0.35189,0.317057,0.352601,0.331702,0.359534,0.361482,0.31791,0.294828,0.333457,0.353693,0.327438,0.339438,0.365532,0.363203,0.325066,0.368061
-13.9606,0.372914,0.385971,0.33664,0.348289,0.402979,0.415786,0.342672,0.355042,0.420821,0.349993,0.391472,0.350959,0.377831,0.373551,0.373391,0.358944,0.329236,0.324227,0.329774,0.316308,0.341666,0.358473,0.324716,0.35884,0.339061,0.365985,0.369439,0.327507,0.295506,0.344206,0.357527,0.334758,0.343506,0.368531,0.369752,0.331903,0.378956
-13.4606,0.375569,0.39379,0.349504,0.354591,0.410182,0.418348,0.351553,0.360553,0.428057,0.355967,0.392305,0.370098,0.384992,0.382673,0.379231,0.364516,0.33427,0.33331,0.348951,0.333453,0.344579,0.365127,0.328883,0.364478,0.348759,0.369843,0.374448,0.333813,0.29515,0.355277,0.357292,0.344607,0.345198,0.367992,0.373365,0.335486,0.386972
-12.9606,0.374571,0.391686,0.361297,0.355501,0.409363,0.416133,0.357589,0.365376,0.429669,0.360582,0.387537,0.382373,0.390384,0.384739,0.377689,0.367653,0.335738,0.336467,0.359526,0.342617,0.344734,0.370421,0.327783,0.36935,0.356452,0.372722,0.373491,0.336529,0.296739,0.360582,0.353131,0.353254,0.344788,0.36413,0.37377,0.335761,0.390387
-12.4606,0.371103,0.38305,0.367646,0.352078,0.404397,0.412603,0.359458,0.369536,0.425325,0.364365,0.380775,0.386562,0.393575,0.381686,0.371081,0.368404,0.333884,0.33388,0.361124,0.345559,0.345441,0.37372,0.323428,0.373564,0.359047,0.376232,0.366889,0.337087,0.302547,0.359219,0.34656,0.357302,0.343994,0.359504,0.372404,0.333244,0.391554
-11.9606,0.36778,0.375041,0.369826,0.346597,0.400324,0.41107,0.358681,0.373051,0.417468,0.36707,0.376304,0.384626,0.394321,0.376602,0.365183,0.367749,0.331685,0.329302,0.356514,0.345374,0.350679,0.375467,0.320407,0.376966,0.357445,0.380187,0.359596,0.337502,0.311671,0.354281,0.339427,0.35659,0.344796,0.357149,0.371743,0.329911,0.394611
-11.4606,0.367465,0.374325,0.373384,0.342515,0.400221,0.413204,0.359534,0.376775,0.410572,0.370458,0.375701,0.379451,0.392439,0.374329,0.364329,0.368207,0.332636,0.328647,0.352264,0.345596,0.361569,0.377688,0.322397,0.379239,0.354715,0.383738,0.357097,0.340013,0.323664,0.351199,0.336406,0.354941,0.348892,0.359777,0.374295,0.329116,0.402449
-10.9606,0.373289,0.382793,0.381973,0.34343,0.405396,0.420293,0.366929,0.382877,0.409904,0.375603,0.379695,0.375595,0.390053,0.377806,0.368992,0.370626,0.340279,0.334831,0.354928,0.349327,0.375413,0.382759,0.329956,0.381896,0.355891,0.386185,0.363193,0.346526,0.338396,0.354732,0.341761,0.356932,0.356895,0.367549,0.380531,0.333502,0.414055
-10.4606,0.38512,0.398179,0.395844,0.352472,0.414248,0.432194,0.382379,0.395341,0.416367,0.383202,0.389234,0.37712,0.391869,0.38674,0.378456,0.376077,0.35509,0.347734,0.365966,0.358151,0.390311,0.392779,0.342031,0.386635,0.364475,0.388474,0.376667,0.357255,0.356849,0.363602,0.356039,0.365437,0.368697,0.379385,0.391224,0.345125,0.426651
-9.96065,0.400045,0.416637,0.412058,0.368787,0.42542,0.446496,0.402806,0.414021,0.426333,0.39369,0.403143,0.385252,0.399669,0.398848,0.391232,0.385137,0.373515,0.363537,0.382214,0.370463,0.404859,0.406952,0.357003,0.393944,0.378444,0.392796,0.393247,0.369778,0.378754,0.375139,0.375643,0.379342,0.382915,0.394169,0.404479,0.362494,0.438482
-9.46065,0.414052,0.434711,0.42631,0.387855,0.436768,0.459143,0.422364,0.434559,0.434879,0.406127,0.417644,0.39845,0.41178,0.411492,0.403929,0.395284,0.391589,0.37767,0.397564,0.383417,0.417813,0.421315,0.372268,0.40246,0.393507,0.399765,0.408006,0.380652,0.400752,0.386447,0.393783,0.394486,0.396544,0.410219,0.415778,0.381529,0.448329
-8.96065,0.425627,0.451093,0.437727,0.405383,0.447354,0.468705,0.437929,0.453043,0.441251,0.420078,0.430358,0.41462,0.423541,0.423456,0.414056,0.404098,0.407703,0.38872,0.410108,0.39541,0.429563,0.434289,0.385933,0.412051,0.407101,0.40799,0.419324,0.389575,0.419866,0.396883,0.406517,0.408426,0.40885,0.426161,0.4231,0.399763,0.456329
-8.46065,0.435302,0.464575,0.446217,0.418668,0.456133,0.4757,0.44868,0.465952,0.446535,0.431845,0.439917,0.428951,0.431372,0.434013,0.420155,0.40974,0.420962,0.397415,0.420492,0.405741,0.439795,0.444777,0.394985,0.421203,0.417038,0.415258,0.425255,0.397476,0.432893,0.405908,0.412858,0.418982,0.417739,0.439181,0.426508,0.414711,0.463711
-7.96065,0.442751,0.47338,0.452334,0.428034,0.46212,0.480996,0.45427,0.472624,0.45167,0.43891,0.445915,0.43799,0.434566,0.442409,0.422763,0.411858,0.430698,0.406285,0.429941,0.413958,0.447382,0.451869,0.39755,0.426719,0.421665,0.419277,0.425626,0.404461,0.438152,0.412561,0.414497,0.424964,0.421271,0.447134,0.426507,0.424738,0.469564
-7.46065,0.446507,0.474401,0.455961,0.433541,0.465292,0.484274,0.456135,0.474066,0.454906,0.440398,0.449695,0.439519,0.433818,0.446403,0.423724,0.412097,0.43678,0.415991,0.437598,0.418382,0.450799,0.454805,0.39415,0.426335,0.420147,0.418148,0.422722,0.409186,0.435841,0.415799,0.412075,0.427388,0.419824,0.449278,0.423736,0.429108,0.47201
-6.96065,0.446383,0.466129,0.456761,0.435901,0.46589,0.485689,0.456012,0.471692,0.454168,0.437346,0.452357,0.434473,0.430431,0.446015,0.424185,0.412845,0.440166,0.425487,0.442019,0.419201,0.450376,0.454156,0.386501,0.419823,0.414314,0.413151,0.418548,0.409303,0.427784,0.416213,0.407148,0.428419,0.415772,0.447579,0.419646,0.42917,0.470921
-6.46065,0.442333,0.450404,0.454154,0.43524,0.464041,0.486013,0.453469,0.466213,0.449948,0.431053,0.453529,0.426764,0.423549,0.441815,0.42349,0.414309,0.440937,0.432368,0.442531,0.417711,0.447003,0.450377,0.376899,0.409993,0.407796,0.405923,0.414085,0.404281,0.417156,0.416097,0.402125,0.427767,0.411786,0.443842,0.415528,0.427277,0.466705
-5.96065,0.43589,0.433345,0.448818,0.432498,0.461434,0.486089,0.449567,0.460284,0.442927,0.42325,0.453854,0.418134,0.414756,0.434844,0.421089,0.415376,0.439193,0.434849,0.441266,0.417197,0.441977,0.445072,0.368214,0.400933,0.404776,0.398103,0.40944,0.396421,0.408281,0.417447,0.399952,0.425549,0.409375,0.439291,0.412939,0.424171,0.460815
-5.46065,0.429964,0.422227,0.442871,0.429762,0.461205,0.486759,0.446217,0.456872,0.436695,0.415804,0.453617,0.412459,0.408734,0.428536,0.419268,0.416431,0.437594,0.43443,0.441977,0.421443,0.437304,0.441402,0.364145,0.398075,0.408218,0.39269,0.40648,0.389515,0.404697,0.421571,0.404743,0.423745,0.409402,0.436621,0.413086,0.420918,0.45509
-4.96065,0.426254,0.421857,0.44002,0.4293,0.464954,0.488621,0.445594,0.457411,0.434823,0.409587,0.454537,0.412307,0.409879,0.42575,0.422047,0.419746,0.439009,0.433432,0.447933,0.431606,0.435746,0.442308,0.366008,0.405132,0.418493,0.391709,0.408777,0.387478,0.407988,0.428536,0.416861,0.426526,0.411671,0.439426,0.416518,0.419584,0.452784
-4.46065,0.426085,0.432102,0.443976,0.43427,0.472838,0.493545,0.448736,0.461691,0.438749,0.407272,0.459262,0.420196,0.421061,0.428983,0.432337,0.429296,0.445753,0.434601,0.459856,0.447116,0.440566,0.450274,0.373092,0.420573,0.43402,0.396145,0.418352,0.392376,0.417644,0.438571,0.433175,0.43747,0.416254,0.448236,0.423364,0.422856,0.4573
-3.96065,0.430684,0.448958,0.456687,0.44842,0.486553,0.506269,0.456557,0.470142,0.450672,0.412722,0.469935,0.440088,0.441507,0.441426,0.452347,0.448423,0.460107,0.442413,0.478096,0.467685,0.454232,0.466722,0.385818,0.440732,0.45329,0.407115,0.434411,0.404676,0.43241,0.454364,0.452924,0.457311,0.424062,0.46205,0.435492,0.4346,0.471358
-3.46065,0.441556,0.469963,0.475285,0.471832,0.507717,0.529997,0.470002,0.483496,0.467693,0.428575,0.488057,0.469815,0.469414,0.462635,0.48078,0.474212,0.481211,0.459751,0.502001,0.493181,0.47493,0.489795,0.405818,0.463536,0.475773,0.42416,0.45434,0.42293,0.451475,0.478144,0.477517,0.484868,0.43418,0.479262,0.454622,0.455915,0.494248
-2.96065,0.459445,0.495033,0.494034,0.499549,0.534871,0.561305,0.488804,0.501879,0.488406,0.454348,0.513167,0.503415,0.503309,0.488986,0.513421,0.502342,0.505844,0.484765,0.529017,0.521588,0.497998,0.515099,0.430533,0.488464,0.499964,0.445656,0.476084,0.444075,0.474297,0.507892,0.507111,0.516891,0.447237,0.497749,0.48071,0.484325,0.519984
-2.46065,0.483651,0.524551,0.510668,0.528349,0.564657,0.593974,0.51084,0.522934,0.512158,0.484716,0.542305,0.533927,0.538246,0.515888,0.544566,0.529315,0.531219,0.512861,0.555758,0.549177,0.519801,0.538706,0.454674,0.514212,0.52372,0.469221,0.497181,0.464745,0.49925,0.538644,0.538234,0.549252,0.464491,0.5175,0.511356,0.515256,0.545126
-1.96065,0.510426,0.556831,0.525081,0.554614,0.592395,0.622412,0.532677,0.541871,0.536686,0.513747,0.57041,0.557418,0.569123,0.537875,0.566997,0.551714,0.555345,0.539128,0.577103,0.572699,0.539567,0.557554,0.473579,0.537658,0.545069,0.490336,0.514635,0.482558,0.523009,0.563527,0.565542,0.576786,0.485012,0.538564,0.540531,0.542582,0.569294
-1.46065,0.533573,0.586045,0.536768,0.574189,0.613454,0.642274,0.550003,0.555897,0.558735,0.53618,0.590284,0.573405,0.587872,0.551965,0.577362,0.567799,0.575009,0.558933,0.587985,0.586439,0.556921,0.569776,0.482645,0.551876,0.561794,0.503813,0.525531,0.495033,0.541925,0.576863,0.583598,0.594796,0.505192,0.55841,0.561346,0.559336,0.590621
-0.960648,0.547741,0.604477,0.544959,0.585105,0.624581,0.65189,0.558966,0.564291,0.572538,0.547741,0.598621,0.581345,0.59162,0.557054,0.576657,0.575312,0.587004,0.569816,0.586333,0.586869,0.568674,0.575611,0.482828,0.552979,0.571586,0.507914,0.529497,0.500257,0.551644,0.577599,0.590934,0.600873,0.519415,0.573274,0.569385,0.562621,0.606056
-0.460648,0.552358,0.610275,0.5483,0.586458,0.627834,0.653516,0.559723,0.569536,0.577545,0.549032,0.598407,0.58117,0.585552,0.55607,0.569896,0.573417,0.591283,0.573417,0.575765,0.576616,0.573283,0.57664,0.475753,0.544004,0.574076,0.50509,0.530096,0.498761,0.552339,0.570442,0.591183,0.596814,0.525449,0.581638,0.567596,0.555403,0.614097
0.0393522,0.548107,0.602924,0.543195,0.577157,0.622702,0.645804,0.552273,0.571049,0.572474,0.539726,0.590459,0.571851,0.573246,0.549392,0.557891,0.560534,0.585177,0.568472,0.558556,0.556545,0.567458,0.570181,0.45851,0.524724,0.567386,0.496192,0.528564,0.490252,0.545578,0.557589,0.585048,0.583547,0.520017,0.580569,0.558018,0.540966,0.610874
0.539352,0.536492,0.586669,0.529609,0.559916,0.608943,0.62822,0.540835,0.565899,0.55786,0.524947,0.57542,0.558582,0.558169,0.535648,0.539518,0.539296,0.568609,0.554732,0.535595,0.531434,0.5511,0.554028,0.433852,0.497301,0.552011,0.482136,0.522291,0.477184,0.534657,0.540689,0.572603,0.562981,0.504249,0.56951,0.541785,0.523549,0.596365
1.03935,0.522628,0.56807,0.509258,0.541434,0.589113,0.605967,0.530406,0.555638,0.539272,0.512172,0.55648,0.548628,0.541814,0.516979,0.517586,0.515778,0.545648,0.536078,0.5108,0.507245,0.530025,0.53066,0.409434,0.467011,0.534054,0.466208,0.511491,0.464666,0.523027,0.522929,0.556865,0.540741,0.485361,0.552269,0.521478,0.507368,0.577191
1.53935,0.511766,0.550808,0.486446,0.527017,0.567067,0.58441,0.522252,0.544447,0.52185,0.503593,0.538092,0.544089,0.526447,0.497255,0.497736,0.496175,0.522046,0.516542,0.489444,0.487595,0.508988,0.504691,0.393287,0.441473,0.518315,0.453419,0.499936,0.455952,0.512412,0.505776,0.540609,0.521782,0.469308,0.533098,0.49915,0.495657,0.55822
2.03935,0.507717,0.537834,0.469356,0.519708,0.548617,0.570252,0.516737,0.536969,0.509957,0.499078,0.526257,0.543826,0.515692,0.483861,0.486787,0.484925,0.505513,0.503422,0.477477,0.47664,0.493595,0.483647,0.390933,0.430087,0.508311,0.448149,0.49241,0.452644,0.505626,0.491746,0.526705,0.510359,0.459594,0.517379,0.4818,0.490317,0.544751
2.53935,0.50914,0.529628,0.465299,0.518791,0.537843,0.566075,0.514107,0.535942,0.505471,0.495305,0.524275,0.545496,0.510755,0.482028,0.487626,0.483037,0.500687,0.50087,0.477771,0.476851,0.487166,0.47393,0.40246,0.438114,0.505273,0.450757,0.491173,0.455422,0.503841,0.483026,0.517278,0.50789,0.456931,0.509052,0.475185,0.491423,0.538972
3.03935,0.510634,0.524051,0.473824,0.518529,0.532821,0.567399,0.51348,0.537902,0.506048,0.490304,0.52718,0.54684,0.509386,0.488863,0.494921,0.486524,0.504381,0.504492,0.485409,0.484437,0.486881,0.474894,0.418791,0.457098,0.505919,0.456229,0.491868,0.460862,0.504571,0.477181,0.510545,0.509882,0.457348,0.506774,0.478937,0.495151,0.536624
3.53935,0.507865,0.518788,0.486891,0.513981,0.52776,0.567882,0.511976,0.53657,0.506793,0.483732,0.528636,0.546371,0.507101,0.496499,0.500246,0.490078,0.507807,0.506702,0.49192,0.492099,0.48638,0.480887,0.429421,0.473092,0.507046,0.458367,0.488855,0.464656,0.503481,0.471191,0.503405,0.508853,0.456915,0.505726,0.486676,0.495641,0.533349
4.03935,0.500292,0.511906,0.495038,0.503205,0.520091,0.561739,0.505256,0.528328,0.503669,0.476037,0.523085,0.540746,0.500722,0.497791,0.497403,0.488744,0.504805,0.50069,0.4918,0.493368,0.480203,0.4832,0.428519,0.475201,0.505732,0.454487,0.479638,0.463063,0.496664,0.463143,0.494033,0.500037,0.453797,0.500632,0.48952,0.48868,0.527348
4.53935,0.490409,0.501439,0.491528,0.485799,0.509952,0.548613,0.491582,0.51311,0.49486,0.466337,0.509761,0.528322,0.489569,0.492003,0.485372,0.480402,0.494143,0.485942,0.483841,0.48586,0.467506,0.475786,0.417646,0.46393,0.500264,0.444525,0.465966,0.456523,0.483009,0.452674,0.48191,0.484042,0.445232,0.489153,0.484263,0.473323,0.517668
5.03935,0.479132,0.487709,0.478329,0.463315,0.499165,0.530898,0.473145,0.494389,0.481402,0.4534,0.491648,0.51116,0.473882,0.483187,0.467958,0.466558,0.479071,0.466878,0.469621,0.471634,0.451617,0.460213,0.40276,0.44734,0.490755,0.429938,0.450021,0.448113,0.46541,0.440784,0.468457,0.464729,0.432427,0.473897,0.473129,0.451647,0.505207
5.53935,0.466061,0.470696,0.459414,0.439143,0.487677,0.511924,0.453276,0.474946,0.466463,0.436579,0.470981,0.492754,0.454978,0.474075,0.447636,0.448968,0.462079,0.44689,0.451726,0.454509,0.436346,0.441686,0.388945,0.431156,0.477117,0.411915,0.432449,0.438943,0.445868,0.427853,0.455008,0.445528,0.417784,0.457913,0.45976,0.427597,0.491512
6.03935,0.451578,0.452999,0.438227,0.416821,0.47526,0.495202,0.435016,0.456179,0.4522,0.416335,0.450567,0.476079,0.434924,0.464991,0.426793,0.429209,0.445093,0.428804,0.433388,0.437953,0.422488,0.426051,0.377339,0.418311,0.459781,0.392636,0.41385,0.428909,0.426464,0.415206,0.443008,0.427603,0.402909,0.443592,0.446395,0.404754,0.477599
6.53935,0.436782,0.437265,0.416951,0.398451,0.461049,0.480706,0.419145,0.438267,0.438229,0.39516,0.431951,0.461849,0.415359,0.454851,0.407358,0.409281,0.429584,0.413522,0.417081,0.423445,0.410609,0.416033,0.368338,0.409068,0.440387,0.375201,0.395253,0.416323,0.409073,0.403452,0.432368,0.41173,0.388664,0.431121,0.432484,0.385378,0.465398
7.03935,0.42102,0.423167,0.39534,0.382799,0.444158,0.465767,0.403827,0.419695,0.422483,0.374731,0.414481,0.447696,0.396742,0.44145,0.388453,0.389626,0.41482,0.399208,0.40343,0.410729,0.399127,0.409969,0.359774,0.4025,0.420318,0.360614,0.37817,0.400139,0.392613,0.391838,0.421383,0.396616,0.374349,0.418639,0.416523,0.3693,0.454349
7.53935,0.404058,0.409191,0.374695,0.367571,0.425905,0.449134,0.387489,0.400316,0.403877,0.356898,0.397193,0.431726,0.379391,0.42424,0.369146,0.369812,0.40022,0.384495,0.392266,0.399968,0.387719,0.404391,0.350644,0.395308,0.400726,0.347721,0.363283,0.381841,0.375757,0.379691,0.408361,0.38168,0.361047,0.405057,0.398679,0.355369,0.442929
8.03935,0.385702,0.393153,0.356708,0.351386,0.407618,0.4313,0.369959,0.380286,0.382954,0.341735,0.379877,0.41366,0.36304,0.403863,0.348934,0.349301,0.384859,0.369668,0.381794,0.391268,0.376075,0.396522,0.34123,0.386035,0.38163,0.333475,0.349828,0.362426,0.3575,0.366205,0.393612,0.36601,0.349335,0.390005,0.380798,0.342849,0.429656
8.53935,0.365994,0.375079,0.342314,0.333281,0.389161,0.412665,0.351517,0.359805,0.360938,0.328405,0.362781,0.393924,0.346861,0.381706,0.327809,0.328232,0.368575,0.355241,0.371125,0.383957,0.362535,0.384855,0.330623,0.373889,0.362309,0.316846,0.33651,0.342567,0.33789,0.350687,0.37799,0.349669,0.338151,0.373067,0.363896,0.331161,0.413712
9.03935,0.345814,0.356614,0.330641,0.313778,0.369859,0.39378,0.332312,0.339362,0.338798,0.315555,0.346974,0.37443,0.329499,0.359821,0.306601,0.306634,0.351296,0.341164,0.360571,0.377213,0.346924,0.369761,0.319236,0.359778,0.341874,0.298751,0.322438,0.323344,0.317853,0.333614,0.362485,0.333799,0.326028,0.354927,0.347745,0.319857,0.395775
9.53935,0.325596,0.339035,0.319494,0.294299,0.349386,0.374201,0.312418,0.318996,0.317189,0.302132,0.332916,0.356815,0.309909,0.339459,0.286255,0.285261,0.332371,0.325548,0.350088,0.369411,0.328269,0.351932,0.306984,0.345608,0.320158,0.280922,0.307798,0.305418,0.297975,0.315489,0.346982,0.318755,0.312055,0.337243,0.331468,0.308468,0.377361
10.0394,0.305623,0.323187,0.307086,0.27585,0.328267,0.353961,0.291665,0.298815,0.296993,0.28822,0.320072,0.342264,0.289505,0.320945,0.267455,0.264753,0.312096,0.307315,0.340076,0.359888,0.307923,0.332518,0.294477,0.332498,0.298089,0.264788,0.292632,0.289686,0.279694,0.297058,0.332772,0.304237,0.296873,0.321018,0.315118,0.295815,0.35922
10.5394,0.287054,0.308754,0.293749,0.260469,0.307883,0.333783,0.270646,0.278915,0.279266,0.274704,0.308716,0.331555,0.271367,0.305364,0.250827,0.246364,0.291611,0.287453,0.329602,0.349454,0.288391,0.312677,0.283106,0.320975,0.277168,0.251759,0.277846,0.276417,0.264344,0.281056,0.321575,0.290709,0.28172,0.3067,0.299722,0.282729,0.342118
11.0394,0.272786,0.295958,0.282292,0.249718,0.291257,0.31572,0.251202,0.260831,0.265134,0.263667,0.300813,0.324605,0.257839,0.294321,0.237515,0.231981,0.274519,0.269473,0.318936,0.339387,0.272187,0.295022,0.274033,0.311588,0.260195,0.244321,0.264829,0.266084,0.253345,0.269923,0.315296,0.279166,0.268048,0.295554,0.287031,0.271614,0.327171
11.5394,0.265089,0.285127,0.274751,0.244348,0.280007,0.301896,0.234928,0.245879,0.255204,0.255733,0.297557,0.321644,0.24922,0.287913,0.227956,0.221766,0.264003,0.2568,0.309444,0.33155,0.261682,0.282751,0.267982,0.304917,0.248574,0.243303,0.253893,0.2582,0.246719,0.265368,0.314562,0.270969,0.256408,0.288012,0.277352,0.26446,0.314601
12.0394,0.264748,0.276514,0.271265,0.243741,0.274019,0.293888,0.222718,0.234636,0.248806,0.251028,0.299067,0.323294,0.243959,0.285857,0.221466,0.215127,0.259979,0.251142,0.302584,0.32733,0.257413,0.277555,0.264845,0.301934,0.242431,0.247825,0.246138,0.251481,0.243225,0.267503,0.317466,0.26743,0.247972,0.284193,0.269994,0.261784,0.305033
12.5394,0.2708,0.270813,0.272063,0.246349,0.272723,0.292178,0.215302,0.227916,0.246258,0.249601,0.305595,0.329394,0.240738,0.287156,0.218491,0.21136,0.261334,0.252645,0.299222,0.327241,0.258671,0.280069,0.264917,0.303245,0.241845,0.25662,0.241649,0.24526,0.243398,0.274909,0.323675,0.268829,0.244393,0.284347,0.265933,0.263805,0.298957
13.0394,0.279866,0.268,0.276122,0.249272,0.273329,0.29526,0.211899,0.224704,0.246127,0.249643,0.31583,0.337246,0.238102,0.29045,0.218417,0.210269,0.265822,0.259393,0.298423,0.329064,0.263554,0.288169,0.267163,0.307825,0.245268,0.266486,0.239316,0.238966,0.246713,0.284177,0.330817,0.274515,0.24552,0.286672,0.264018,0.268642,0.296129
13.5394,0.289824,0.266935,0.282063,0.250325,0.274679,0.301659,0.211668,0.223684,0.246847,0.251056,0.327903,0.344645,0.235747,0.294505,0.219991,0.212912,0.272098,0.269056,0.298612,0.33134,0.27005,0.298306,0.27073,0.313897,0.251112,0.274064,0.238942,0.232964,0.252956,0.29236,0.339301,0.282817,0.250163,0.289948,0.264762,0.274677,0.295948
14.0394,0.299399,0.264617,0.287325,0.248344,0.275171,0.307642,0.213577,0.223784,0.245726,0.252769,0.337929,0.348682,0.23279,0.296223,0.221256,0.217896,0.278234,0.278928,0.298428,0.333185,0.275412,0.305598,0.273785,0.318776,0.25665,0.277387,0.239822,0.226938,0.260124,0.296932,0.346609,0.290268,0.253885,0.291144,0.266607,0.27892,0.296393
14.5394,0.307657,0.259304,0.289607,0.244361,0.274452,0.311746,0.217529,0.225068,0.241965,0.254805,0.341704,0.349178,0.23068,0.29442,0.221431,0.223148,0.282328,0.286334,0.297492,0.334501,0.277326,0.306976,0.273414,0.320691,0.260096,0.276391,0.241736,0.221931,0.266145,0.296508,0.349967,0.292597,0.254453,0.288634,0.266686,0.278463,0.294759
15.0394,0.315193,0.25186,0.288754,0.240626,0.273185,0.314439,0.224039,0.227931,0.23703,0.256917,0.338647,0.347933,0.229759,0.289942,0.22017,0.225926,0.282803,0.289888,0.295447,0.335862,0.274991,0.30245,0.269521,0.320029,0.261268,0.273471,0.244005,0.218134,0.269148,0.293451,0.350058,0.288958,0.252502,0.282568,0.265148,0.274136,0.290358
15.5394,0.320602,0.244362,0.285917,0.237638,0.272087,0.315554,0.232337,0.232537,0.231911,0.25889,0.331158,0.344101,0.228413,0.283936,0.21777,0.224561,0.278986,0.289584,0.291891,0.335271,0.268265,0.293021,0.262374,0.316334,0.260103,0.270342,0.245302,0.2155,0.268692,0.289258,0.346639,0.279378,0.248969,0.274176,0.26228,0.266531,0.284365
16.0394,0.321591,0.238716,0.284321,0.234819,0.271794,0.316247,0.24091,0.237814,0.22845,0.259732,0.321937,0.336042,0.225675,0.277915,0.215482,0.221326,0.272446,0.285663,0.286514,0.331461,0.257226,0.280306,0.252619,0.30923,0.256527,0.265939,0.244089,0.215325,0.26644,0.283919,0.339824,0.265793,0.246345,0.266121,0.25935,0.257769,0.278061
16.5394,0.317076,0.235524,0.286246,0.229933,0.270777,0.31535,0.246371,0.241568,0.225905,0.25833,0.312315,0.323576,0.220374,0.272549,0.213122,0.218405,0.265202,0.279836,0.278449,0.323314,0.24308,0.265394,0.241782,0.300071,0.250634,0.259851,0.240253,0.217579,0.263809,0.276132,0.330287,0.251347,0.244729,0.258988,0.258264,0.248372,0.272783
17.0394,0.306455,0.233754,0.29068,0.221489,0.267952,0.310059,0.246065,0.242225,0.223387,0.254447,0.302786,0.307069,0.213423,0.266576,0.211408,0.216073,0.25768,0.272986,0.267525,0.310961,0.22695,0.249265,0.230564,0.28994,0.242188,0.252538,0.234222,0.221467,0.261428,0.264271,0.317743,0.237135,0.243133,0.251682,0.258365,0.237193,0.268132
17.5394,0.292919,0.232058,0.293509,0.210472,0.262211,0.299498,0.240118,0.239228,0.220353,0.24683,0.293084,0.290142,0.20696,0.2583,0.210647,0.213287,0.249099,0.264506,0.25493,0.295611,0.210638,0.233318,0.220309,0.280615,0.231073,0.244899,0.226875,0.224393,0.258736,0.249612,0.303496,0.223968,0.241332,0.243245,0.257728,0.223372,0.262729
18.0394,0.280585,0.228301,0.290012,0.198186,0.25213,0.283807,0.230112,0.232534,0.216807,0.238063,0.282713,0.275805,0.201748,0.247289,0.209171,0.208287,0.238665,0.253926,0.240723,0.278231,0.196065,0.217905,0.211864,0.272326,0.218191,0.236547,0.219302,0.222982,0.254018,0.234661,0.289374,0.211456,0.238417,0.233797,0.254728,0.207643,0.25506
18.5394,0.2707,0.220525,0.280718,0.185874,0.237518,0.264706,0.218274,0.222498,0.212288,0.229424,0.271949,0.263053,0.197034,0.235177,0.205384,0.20118,0.226087,0.241243,0.226065,0.261656,0.184158,0.202603,0.205397,0.263582,0.20483,0.226389,0.211503,0.215703,0.245896,0.22134,0.2761,0.199276,0.23447,0.224853,0.247522,0.192042,0.245004
19.0394,0.261096,0.20846,0.269213,0.173443,0.219157,0.245573,0.205995,0.209864,0.206834,0.220752,0.260458,0.251305,0.191943,0.224817,0.198674,0.193463,0.211829,0.226292,0.211852,0.247919,0.17433,0.186765,0.200151,0.252772,0.192408,0.214388,0.203336,0.204672,0.233682,0.209587,0.263036,0.186864,0.22984,0.218784,0.236625,0.178684,0.233703
19.5394,0.247443,0.194277,0.257874,0.163023,0.19878,0.227323,0.19336,0.194726,0.199775,0.210446,0.248116,0.239505,0.185426,0.217415,0.189752,0.18659,0.196357,0.209545,0.198793,0.236712,0.165407,0.171095,0.193591,0.238326,0.181258,0.201723,0.193229,0.192284,0.21585,0.198631,0.249897,0.172668,0.223199,0.215452,0.224641,0.167881,0.221908
20.0394,0.229485,0.181943,0.246516,0.155559,0.179434,0.209958,0.180954,0.177929,0.19039,0.198908,0.235825,0.227573,0.177806,0.211304,0.181206,0.180975,0.180833,0.193099,0.188353,0.226905,0.15846,0.158317,0.183904,0.220465,0.17117,0.190137,0.182378,0.180833,0.193676,0.189336,0.237862,0.157019,0.214301,0.212314,0.214301,0.159792,0.21072
20.5394,0.211571,0.174092,0.235295,0.150855,0.163708,0.195311,0.172573,0.164882,0.182188,0.190363,0.226847,0.218971,0.171336,0.206418,0.174223,0.175489,0.169334,0.180481,0.181642,0.219206,0.154682,0.151268,0.174148,0.203447,0.161962,0.181265,0.173572,0.173958,0.17354,0.18409,0.227199,0.144598,0.20504,0.208842,0.205936,0.154962,0.202889
21.0394,0.1941,0.170295,0.221202,0.149068,0.148986,0.179671,0.166257,0.153512,0.173915,0.185491,0.218037,0.212516,0.166451,0.200408,0.168312,0.169565,0.160454,0.170222,0.177159,0.210523,0.153721,0.149424,0.162361,0.185933,0.151662,0.17235,0.166245,0.169235,0.155024,0.181367,0.21606,0.134722,0.193484,0.202905,0.198018,0.152765,0.195847
21.5394,0.179457,0.168656,0.205659,0.143718,0.133391,0.161918,0.164112,0.145272,0.168433,0.190421,0.20959,0.207369,0.164105,0.195586,0.159919,0.157536,0.156957,0.164245,0.172188,0.200197,0.157062,0.15285,0.149688,0.168926,0.140759,0.160098,0.162495,0.169168,0.140523,0.18274,0.20338,0.130608,0.180226,0.192622,0.184618,0.155064,0.189896
22.0394,0.163857,0.161976,0.192904,0.132685,0.118955,0.145461,0.169554,0.149437,0.172516,0.206453,0.205942,0.205536,0.165964,0.197314,0.140439,0.128572,0.161907,0.165547,0.164895,0.188433,0.155398,0.152432,0.144637,0.156441,0.125742,0.1441,0.158279,0.175097,0.134982,0.190592,0.18176,0.13531,0.166073,0.176753,0.155872,0.156761,0.186439
22.5394,0.150112,0.141153,0.179642,0.13158,0.121953,0.149092,0.160678,0.143656,0.182076,0.200953,0.195747,0.203972,0.167709,0.198348,0.123876,0.109347,0.155111,0.166705,0.152186,0.173404,0.133362,0.133158,0.142022,0.153054,0.115638,0.132305,0.145529,0.163525,0.130094,0.184769,0.166484,0.114932,0.152337,0.158014,0.141285,0.144591,0.174356
23.0394,0.13545,0.119426,0.164107,0.132725,0.127476,0.166027,0.153879,0.145111,0.200972,0.196455,0.186343,0.205225,0.175631,0.206062,0.09997,0.0933245,0.152026,0.17678,0.137933,0.15889,0.109567,0.106953,0.144387,0.155843,0.105024,0.119984,0.137432,0.152297,0.128576,0.179849,0.154421,0.0922076,0.135444,0.137364,0.127972,0.132365,0.164363
23.5394,0.128749,0.114096,0.16124,0.139255,0.130373,0.180116,0.152745,0.154458,0.216023,0.197326,0.184923,0.206996,0.182824,0.218464,0.0887237,0.0945735,0.154537,0.186816,0.131087,0.155943,0.106152,0.0917475,0.150489,0.164904,0.101481,0.115913,0.142022,0.150338,0.131378,0.17984,0.154683,0.0879158,0.126561,0.130286,0.126162,0.130795,0.159916
24.0394,0.125203,0.116318,0.168143,0.146416,0.133384,0.186934,0.153479,0.164465,0.225835,0.20083,0.187019,0.207555,0.187064,0.231845,0.0879577,0.103253,0.158092,0.191113,0.128031,0.15798,0.110732,0.0858432,0.156499,0.174338,0.101912,0.116733,0.14987,0.153323,0.134974,0.183631,0.161109,0.0935762,0.123986,0.131112,0.126662,0.135232,0.15492
24.5394,0.11972,0.118475,0.173804,0.153503,0.136015,0.188417,0.156832,0.173422,0.233729,0.202951,0.185021,0.20556,0.190288,0.240529,0.0901784,0.109373,0.159254,0.189667,0.124977,0.157676,0.111861,0.0802076,0.161985,0.181731,0.100978,0.116521,0.156053,0.154302,0.136197,0.185545,0.165966,0.0971972,0.12081,0.131513,0.123502,0.138736,0.147005
25.0394,0.115472,0.120472,0.177059,0.161102,0.140483,0.189751,0.162584,0.182267,0.241965,0.203857,0.180466,0.201543,0.192745,0.245626,0.0942478,0.112786,0.159432,0.184716,0.122108,0.155609,0.107488,0.0750815,0.168751,0.189014,0.0977173,0.115491,0.160778,0.154033,0.135206,0.187498,0.168996,0.0985501,0.118569,0.13124,0.117471,0.140907,0.137696
25.5394,0.113108,0.125327,0.177715,0.168636,0.144082,0.190817,0.175022,0.192077,0.255321,0.205926,0.17281,0.195633,0.19849,0.248059,0.0947029,0.112085,0.159751,0.177915,0.121956,0.153378,0.102417,0.0637896,0.179052,0.196808,0.0934439,0.112307,0.165471,0.153207,0.135039,0.190111,0.16966,0.0984886,0.116478,0.133652,0.111138,0.143564,0.126978
