Arc_length vs Data,001_12months_DTI_antsBM,002_12months_DTI_antsBM,007_12months_DTI_antsBM,008_12months_DTI_antsBM,010_10months_DTI_antsBM,012_10months_DTI_antsBM,012_14months_DTI_antsBM,016_12months_DTI_antsBM,017_11months_DTI_antsBM,018_11months_DTI_antsBM,019_12months_DTI_antsBM,020_11months_DTI_antsBM,020_14months_DTI_antsBM,021_11months_DTI_antsBM,021_14months_DTI_antsBM,022_11months_DTI_antsBM,022_14months_DTI_antsBM,023_11months_DTI_antsBM,023_14months_DTI_antsBM,025_10months_DTI_antsBM,025_13months_DTI_antsBM,027_11months_DTI_antsBM,028_10months_DTI_antsBM,028_13months_DTI_antsBM,029_12months_DTI_antsBM,030_12months_DTI_antsBM,031_10months_DTI_antsBM,031_13months_DTI_antsBM,032_12months_DTI_antsBM,033_10months_DTI_antsBM,033_13months_DTI_antsBM,034_12months_DTI_antsBM,035_12months_DTI_antsBM,036_12months_DTI_antsBM
-20.3041,0.157602,0.175135,0.208412,0.141844,0.187402,0.174773,0.162665,0.221109,0.221033,0.16718,0.171699,0.174783,0.197882,0.112984,0.153533,0.179138,0.159656,0.152241,0.146621,0.176441,0.204497,0.203046,0.195332,0.222022,0.178216,0.146967,0.165668,0.162823,0.150738,0.137933,0.152795,0.166168,0.200536,0.161891
-19.8041,0.129276,0.179751,0.206376,0.143226,0.183852,0.178851,0.170665,0.224829,0.214488,0.165122,0.165429,0.175147,0.198868,0.116086,0.149038,0.178646,0.158667,0.148563,0.14867,0.173548,0.19476,0.198071,0.191022,0.212307,0.177656,0.152793,0.16423,0.167006,0.149165,0.137449,0.154553,0.159956,0.194272,0.162609
-19.3041,0.117047,0.183188,0.206648,0.148305,0.183412,0.183234,0.182318,0.226591,0.21235,0.167107,0.16383,0.177683,0.198482,0.120812,0.147335,0.178196,0.15995,0.146734,0.149606,0.173403,0.190672,0.194678,0.189971,0.207877,0.178867,0.157664,0.165461,0.169956,0.148507,0.139241,0.161134,0.155561,0.191861,0.165352
-18.8041,0.116951,0.184181,0.205132,0.156288,0.186134,0.186176,0.19472,0.226621,0.209398,0.169823,0.164873,0.179105,0.195477,0.125271,0.145327,0.175886,0.16076,0.144297,0.148873,0.172679,0.186267,0.190371,0.189155,0.203922,0.178977,0.16106,0.165686,0.170164,0.148163,0.141948,0.168584,0.150386,0.190487,0.168965
-18.3041,0.125858,0.183038,0.201995,0.164779,0.192204,0.18776,0.207768,0.224625,0.207922,0.173135,0.168436,0.180998,0.191671,0.128937,0.143641,0.172861,0.161764,0.141304,0.145053,0.172975,0.183306,0.185335,0.190461,0.20226,0.178031,0.16257,0.164727,0.168366,0.148625,0.1465,0.176459,0.147431,0.19118,0.173997
-17.8041,0.145188,0.180802,0.199367,0.172107,0.202719,0.187742,0.220704,0.222315,0.209897,0.176701,0.17467,0.184912,0.189683,0.131515,0.143077,0.170182,0.164253,0.137879,0.139352,0.176477,0.183413,0.180263,0.1948,0.204995,0.176846,0.163328,0.163383,0.166943,0.150269,0.153747,0.184302,0.148759,0.194447,0.18255
-17.3041,0.171197,0.178552,0.197993,0.17611,0.21777,0.185313,0.230248,0.22014,0.214687,0.179868,0.182232,0.192243,0.192243,0.133257,0.143457,0.168348,0.168057,0.134647,0.133912,0.182967,0.186653,0.175163,0.201409,0.211786,0.17581,0.163862,0.162085,0.167822,0.152813,0.162836,0.189638,0.155725,0.199184,0.194568
-16.8041,0.200041,0.17806,0.199354,0.1769,0.235154,0.182237,0.235037,0.218487,0.22175,0.184048,0.190664,0.203693,0.201185,0.137066,0.145836,0.168029,0.17375,0.133346,0.131826,0.192556,0.193343,0.171231,0.20973,0.222381,0.177166,0.165402,0.162614,0.172949,0.155923,0.172625,0.193008,0.168089,0.204951,0.20884
-16.3041,0.229689,0.18131,0.203294,0.178659,0.250584,0.181072,0.235978,0.217317,0.229557,0.189911,0.20026,0.217337,0.215224,0.144758,0.150576,0.168991,0.181043,0.136073,0.136462,0.204043,0.202061,0.169883,0.217961,0.234567,0.182674,0.169324,0.166113,0.181763,0.16009,0.181678,0.196094,0.182582,0.210888,0.223001
-15.8041,0.256667,0.189039,0.208135,0.184941,0.260638,0.183942,0.234989,0.21653,0.23785,0.196519,0.21117,0.230446,0.231199,0.155876,0.157863,0.171302,0.188814,0.143888,0.147903,0.21563,0.211842,0.171709,0.224828,0.246487,0.192262,0.175982,0.172425,0.192062,0.166151,0.188991,0.200262,0.196586,0.216894,0.234457
-15.3041,0.27821,0.200722,0.213317,0.197104,0.264521,0.191375,0.234564,0.217389,0.248472,0.202679,0.223359,0.241554,0.246472,0.168502,0.167964,0.175945,0.196781,0.156242,0.164036,0.22716,0.222711,0.176886,0.229629,0.257521,0.20455,0.185689,0.18119,0.202806,0.174959,0.194838,0.206461,0.209091,0.223844,0.243102
-14.8041,0.293814,0.214735,0.219187,0.213672,0.265678,0.200964,0.236114,0.221497,0.263017,0.208893,0.236587,0.251683,0.260183,0.180587,0.180174,0.183953,0.204938,0.171253,0.182054,0.238491,0.234699,0.184152,0.232064,0.267123,0.217435,0.198222,0.192203,0.213753,0.185993,0.199838,0.213966,0.219977,0.232336,0.250043
-14.3041,0.304915,0.229351,0.226303,0.230399,0.269009,0.210164,0.239253,0.228959,0.280107,0.216824,0.249929,0.261707,0.272158,0.191844,0.192633,0.195329,0.213487,0.186529,0.199246,0.249224,0.24738,0.191383,0.233063,0.274601,0.229347,0.212071,0.205388,0.224461,0.197446,0.203886,0.221112,0.229247,0.242097,0.255938
-13.8041,0.31433,0.243957,0.235931,0.243895,0.276367,0.218714,0.243534,0.238409,0.297686,0.228488,0.26218,0.271532,0.282815,0.20334,0.203352,0.209175,0.223359,0.201132,0.215432,0.259829,0.261091,0.198378,0.234957,0.280407,0.240861,0.226091,0.220233,0.234555,0.208124,0.207197,0.227208,0.237566,0.252683,0.261251
-13.3041,0.323958,0.257978,0.249089,0.252451,0.285709,0.227189,0.248511,0.247598,0.31399,0.243891,0.271719,0.27981,0.292285,0.214303,0.210597,0.223533,0.235147,0.214758,0.230963,0.270487,0.275606,0.204764,0.238626,0.285068,0.252854,0.239326,0.235476,0.243824,0.217914,0.210426,0.232629,0.245624,0.263554,0.266102
-12.8041,0.334302,0.27099,0.266596,0.256591,0.293954,0.235334,0.253567,0.255203,0.327175,0.260287,0.278488,0.28534,0.30028,0.223105,0.21433,0.236716,0.248263,0.227378,0.246399,0.28113,0.28982,0.210835,0.243124,0.289012,0.265064,0.252048,0.249729,0.253075,0.227865,0.214965,0.238095,0.253963,0.274316,0.271007
-12.3041,0.345467,0.282794,0.287767,0.258787,0.298756,0.241476,0.258134,0.26119,0.335922,0.274546,0.284326,0.288716,0.307141,0.229075,0.216486,0.248252,0.260212,0.23971,0.262401,0.291604,0.302206,0.216251,0.246787,0.291652,0.276703,0.264814,0.262108,0.263731,0.23884,0.22169,0.243724,0.262501,0.284886,0.276566
-11.8041,0.3573,0.293961,0.308903,0.261653,0.300439,0.244983,0.262944,0.266458,0.339894,0.285666,0.291166,0.291604,0.313408,0.233406,0.219638,0.258632,0.267953,0.252766,0.278975,0.301394,0.31196,0.221084,0.249246,0.292488,0.28761,0.277414,0.273239,0.276672,0.250731,0.229673,0.249438,0.270477,0.295075,0.283513
-11.3041,0.368769,0.304642,0.324977,0.267039,0.301301,0.248206,0.269677,0.271807,0.341336,0.294782,0.299779,0.295776,0.319291,0.238965,0.225879,0.268358,0.270226,0.267217,0.296654,0.309568,0.319976,0.226512,0.252349,0.292519,0.298725,0.288848,0.284297,0.291528,0.262647,0.237365,0.255954,0.277272,0.304502,0.292608
-10.8041,0.378637,0.312937,0.332599,0.275532,0.303331,0.254123,0.279417,0.27692,0.344466,0.304048,0.309276,0.301174,0.324579,0.247525,0.235324,0.276801,0.26841,0.28231,0.314474,0.315181,0.327458,0.233433,0.257294,0.29315,0.310719,0.298053,0.29587,0.307299,0.273067,0.244292,0.264116,0.28227,0.312434,0.303984
-10.3041,0.38567,0.316238,0.333033,0.286459,0.307272,0.263012,0.291785,0.280918,0.352361,0.313854,0.319536,0.306302,0.32856,0.257857,0.246607,0.283634,0.266023,0.29633,0.330378,0.318275,0.334846,0.242205,0.263561,0.294769,0.322588,0.304674,0.307824,0.322918,0.280932,0.252022,0.273906,0.285376,0.318135,0.316607
-9.80412,0.388016,0.312209,0.331064,0.298436,0.312599,0.272511,0.305695,0.282372,0.36451,0.320818,0.331749,0.309605,0.331355,0.266863,0.258241,0.289078,0.266288,0.307947,0.342993,0.319982,0.341544,0.251526,0.270369,0.296491,0.332053,0.308457,0.318911,0.337156,0.286292,0.261699,0.28424,0.287047,0.320923,0.328361
-9.30412,0.383102,0.299146,0.331142,0.308953,0.317664,0.279795,0.319125,0.279435,0.376037,0.32024,0.345375,0.308652,0.331871,0.27142,0.268317,0.292896,0.269871,0.315901,0.349778,0.320363,0.344956,0.258362,0.277179,0.296486,0.335344,0.307321,0.326161,0.347794,0.28915,0.271137,0.292957,0.286818,0.319592,0.336408
-8.80412,0.367829,0.277331,0.332973,0.314143,0.319621,0.282755,0.329308,0.269693,0.380171,0.308777,0.354879,0.300574,0.326398,0.270259,0.274986,0.292281,0.273438,0.318411,0.347448,0.317221,0.340595,0.259132,0.282546,0.292807,0.327743,0.297163,0.324769,0.350161,0.288609,0.274494,0.29761,0.282521,0.312264,0.337325
-8.30412,0.341127,0.250232,0.330312,0.309099,0.313646,0.279364,0.331182,0.251481,0.370639,0.288062,0.349938,0.283397,0.310191,0.263864,0.276055,0.283167,0.270274,0.312415,0.332106,0.305494,0.324158,0.251113,0.283005,0.283584,0.306111,0.275877,0.310394,0.338248,0.282626,0.265677,0.293835,0.270414,0.296137,0.327618
-7.80412,0.308179,0.225433,0.315196,0.291367,0.296029,0.268263,0.318694,0.22748,0.345108,0.263975,0.32425,0.258987,0.282678,0.253589,0.268971,0.264014,0.254766,0.296241,0.303885,0.282917,0.29552,0.234862,0.275268,0.267616,0.271932,0.246254,0.283263,0.311338,0.269532,0.244295,0.277676,0.248326,0.271142,0.304916
-7.30412,0.277732,0.20945,0.286292,0.264332,0.268048,0.250056,0.29178,0.204359,0.306126,0.24223,0.283264,0.233012,0.248675,0.24071,0.253406,0.239099,0.228875,0.271672,0.268187,0.251995,0.259209,0.21476,0.259866,0.246433,0.231796,0.214882,0.24973,0.275671,0.249533,0.216457,0.249704,0.219113,0.241208,0.27006
-6.80412,0.257758,0.206158,0.252292,0.237144,0.238231,0.230916,0.259402,0.190325,0.263556,0.227359,0.243911,0.212971,0.218686,0.226179,0.233106,0.217686,0.202502,0.244401,0.235653,0.221696,0.223576,0.198391,0.24232,0.224997,0.1961,0.190639,0.221153,0.242839,0.226589,0.192427,0.218013,0.192226,0.214622,0.231489
-6.30412,0.250579,0.216322,0.226931,0.218555,0.217654,0.219491,0.234576,0.189149,0.229814,0.220392,0.222677,0.204005,0.200879,0.212871,0.215087,0.20804,0.187014,0.221704,0.216115,0.202557,0.197039,0.1913,0.230004,0.209329,0.172797,0.179176,0.206957,0.222971,0.206905,0.179863,0.193946,0.177263,0.199062,0.200202
-5.80412,0.252294,0.236593,0.219905,0.212842,0.213392,0.220466,0.227286,0.197276,0.212823,0.219922,0.223428,0.206562,0.196871,0.204465,0.206787,0.212752,0.18774,0.209698,0.213009,0.198871,0.186341,0.193279,0.228009,0.203515,0.163242,0.180131,0.208927,0.217249,0.196509,0.179952,0.18376,0.179005,0.196618,0.18465
-5.30412,0.258818,0.259052,0.228744,0.217272,0.222506,0.231838,0.236989,0.208197,0.212097,0.222173,0.235309,0.218035,0.203335,0.203364,0.209237,0.225554,0.199942,0.209144,0.222293,0.206823,0.192475,0.200381,0.234594,0.205056,0.163738,0.18663,0.219681,0.218509,0.19896,0.187417,0.184191,0.195304,0.203047,0.18496
-4.80412,0.268775,0.273663,0.242659,0.224714,0.236256,0.247692,0.255621,0.217403,0.221841,0.2236,0.244468,0.232646,0.214378,0.209278,0.217954,0.238121,0.215663,0.216209,0.234789,0.218795,0.21002,0.209065,0.243226,0.208727,0.170225,0.190746,0.228421,0.219148,0.213216,0.194413,0.187657,0.218213,0.212764,0.193903
-4.30412,0.280935,0.275482,0.25122,0.229212,0.247263,0.262101,0.27471,0.223413,0.235758,0.222269,0.24632,0.242107,0.225521,0.217436,0.225542,0.245329,0.228915,0.224476,0.242739,0.229275,0.229168,0.216575,0.247806,0.212272,0.179932,0.187779,0.227074,0.215526,0.233458,0.197099,0.188603,0.239154,0.222335,0.203019
-3.80412,0.292565,0.266449,0.251828,0.229608,0.252663,0.271336,0.288371,0.225977,0.250775,0.218847,0.246003,0.240102,0.232085,0.22226,0.224672,0.246113,0.236883,0.22889,0.24342,0.234179,0.239599,0.219656,0.248266,0.217261,0.191338,0.179816,0.214814,0.210099,0.251111,0.194947,0.187315,0.248816,0.229262,0.206931
-3.30412,0.299455,0.255014,0.249496,0.228493,0.255078,0.274778,0.295151,0.225172,0.266605,0.218125,0.25104,0.227879,0.231879,0.22042,0.214365,0.242481,0.239401,0.229027,0.240353,0.230435,0.237166,0.215057,0.251145,0.225763,0.20222,0.173489,0.200564,0.208422,0.257974,0.19198,0.188657,0.242839,0.23261,0.204295
-2.80412,0.298937,0.250565,0.251566,0.229475,0.257514,0.274089,0.297416,0.222971,0.281943,0.223263,0.263196,0.215426,0.226993,0.21427,0.20064,0.238065,0.238787,0.22788,0.239314,0.218726,0.227213,0.207059,0.259423,0.236884,0.211655,0.174321,0.196759,0.213425,0.253208,0.195626,0.198293,0.22762,0.232912,0.198958
-2.30412,0.291738,0.258039,0.261119,0.233569,0.26207,0.271747,0.29981,0.223666,0.295056,0.234908,0.279607,0.212884,0.222745,0.210478,0.193627,0.239766,0.238824,0.229357,0.244509,0.205521,0.219093,0.20724,0.27151,0.248042,0.220097,0.184297,0.207033,0.225038,0.24279,0.2097,0.218044,0.215656,0.231627,0.19941
-1.80412,0.281984,0.275119,0.275827,0.239391,0.268043,0.270247,0.307011,0.228676,0.305029,0.248271,0.2957,0.221766,0.224413,0.213041,0.199422,0.252363,0.243049,0.235923,0.25698,0.200813,0.218874,0.221257,0.283903,0.257333,0.227027,0.201599,0.227142,0.240533,0.234749,0.230884,0.243293,0.216854,0.231373,0.209519
-1.30412,0.273527,0.292829,0.289451,0.245013,0.270973,0.269104,0.316896,0.234473,0.310378,0.257233,0.306894,0.234537,0.231012,0.22055,0.214342,0.270895,0.251174,0.244855,0.270956,0.207184,0.225211,0.243823,0.292122,0.26421,0.230432,0.218941,0.245573,0.253816,0.233825,0.250672,0.265394,0.228231,0.230565,0.226126
-0.804124,0.268514,0.303817,0.297492,0.248861,0.268921,0.267297,0.325287,0.237716,0.310585,0.259619,0.311851,0.242784,0.237074,0.226861,0.228147,0.285758,0.258712,0.25185,0.280919,0.218155,0.232528,0.260954,0.294338,0.267047,0.229692,0.23056,0.254771,0.261333,0.236774,0.260719,0.277356,0.240115,0.227947,0.240623
-0.304124,0.264614,0.305863,0.300987,0.251511,0.256034,0.262888,0.328947,0.235023,0.304556,0.254897,0.306963,0.241279,0.239291,0.226303,0.235544,0.289621,0.263796,0.255086,0.284823,0.228733,0.236831,0.263879,0.290421,0.264685,0.221888,0.233966,0.255188,0.262622,0.239119,0.25738,0.278504,0.245648,0.220353,0.247533
0.195876,0.257506,0.301627,0.296562,0.251185,0.23335,0.256425,0.322389,0.226626,0.291288,0.248805,0.291059,0.228842,0.233986,0.21563,0.231282,0.276255,0.26102,0.252124,0.278704,0.229791,0.234921,0.248689,0.277599,0.256472,0.20863,0.225717,0.247573,0.256547,0.235219,0.241177,0.269306,0.24002,0.209194,0.241572
0.695876,0.246016,0.295417,0.284258,0.250534,0.210862,0.248658,0.307695,0.216568,0.276485,0.245695,0.273213,0.21053,0.224313,0.198963,0.219622,0.254544,0.249949,0.245473,0.267043,0.222722,0.229194,0.22329,0.261549,0.249259,0.195652,0.210276,0.236427,0.247639,0.225721,0.218863,0.254529,0.228284,0.200071,0.225395
1.19588,0.232737,0.284058,0.26679,0.252337,0.196385,0.238761,0.288846,0.206616,0.265376,0.245918,0.261175,0.192151,0.214223,0.184705,0.207314,0.233706,0.234927,0.237114,0.254038,0.213082,0.224038,0.199212,0.249938,0.246408,0.187818,0.193903,0.224763,0.238172,0.216491,0.199035,0.240133,0.215519,0.193166,0.207578
1.69588,0.21523,0.261437,0.240579,0.254376,0.182097,0.222768,0.262135,0.194276,0.251414,0.244815,0.247906,0.170801,0.198572,0.169823,0.192238,0.20638,0.213457,0.222635,0.235616,0.200918,0.219616,0.171919,0.236621,0.241268,0.183078,0.174232,0.208701,0.223993,0.205567,0.176061,0.221652,0.199127,0.182941,0.184491
2.19588,0.196003,0.228899,0.21027,0.254483,0.170151,0.203355,0.23181,0.183521,0.234866,0.23986,0.232336,0.151757,0.180837,0.158122,0.177604,0.177244,0.190382,0.20271,0.214422,0.189492,0.216323,0.149471,0.223767,0.230785,0.183164,0.157158,0.190446,0.207466,0.193794,0.15509,0.202723,0.182013,0.169576,0.160892
2.69588,0.17848,0.194797,0.182766,0.249167,0.162195,0.186648,0.205289,0.178451,0.215081,0.230192,0.212401,0.139739,0.16791,0.150419,0.165805,0.152196,0.170765,0.182009,0.193819,0.180584,0.211375,0.137637,0.211292,0.213465,0.186034,0.147986,0.173441,0.192285,0.183833,0.139906,0.186191,0.168085,0.155405,0.143817
3.19588,0.167558,0.170641,0.165121,0.238037,0.160129,0.17883,0.189184,0.180932,0.194548,0.217234,0.189732,0.137546,0.167135,0.146408,0.160078,0.137402,0.159273,0.16699,0.178423,0.173696,0.202563,0.138901,0.200114,0.19431,0.188341,0.148025,0.162921,0.182668,0.180095,0.133504,0.174725,0.161457,0.14457,0.139763
3.69588,0.166435,0.164123,0.160464,0.224639,0.164813,0.181236,0.186422,0.190449,0.177196,0.204676,0.170759,0.144529,0.180906,0.147472,0.161564,0.135816,0.157258,0.161738,0.172373,0.169257,0.191549,0.151705,0.190993,0.179555,0.189043,0.154583,0.160559,0.180862,0.186664,0.138293,0.17119,0.163867,0.140369,0.151185
4.19588,0.175703,0.174772,0.168444,0.213001,0.173231,0.190307,0.194468,0.20371,0.165858,0.19487,0.160485,0.15831,0.202472,0.15581,0.168489,0.14501,0.163058,0.165479,0.176139,0.168284,0.18317,0.170584,0.185409,0.172215,0.189581,0.163216,0.16469,0.18631,0.202816,0.153581,0.176697,0.17355,0.14324,0.172577
4.69588,0.19306,0.195199,0.185002,0.205719,0.181865,0.202606,0.208299,0.217333,0.161289,0.18975,0.161518,0.17572,0.222019,0.170168,0.175748,0.158407,0.173853,0.173976,0.187551,0.172127,0.181783,0.188744,0.183809,0.170809,0.191468,0.170868,0.172632,0.197346,0.220731,0.174967,0.190705,0.185977,0.152239,0.192609
5.19588,0.212926,0.217304,0.205744,0.203448,0.189262,0.214678,0.222408,0.22764,0.162986,0.190441,0.174099,0.191466,0.232156,0.184348,0.179602,0.170697,0.18584,0.183651,0.202026,0.180745,0.187373,0.201786,0.185863,0.17213,0.194628,0.176201,0.181575,0.211036,0.232876,0.195693,0.208664,0.197427,0.164182,0.204186
5.69588,0.231099,0.235059,0.228633,0.207153,0.196523,0.22593,0.232919,0.233184,0.171318,0.197163,0.194918,0.202003,0.233474,0.193322,0.180225,0.180328,0.196346,0.194226,0.215849,0.19081,0.197225,0.208381,0.192133,0.175316,0.198577,0.179566,0.192329,0.224588,0.238081,0.209017,0.224128,0.205907,0.176252,0.208452
6.19588,0.242359,0.246385,0.250849,0.214549,0.205499,0.235817,0.239874,0.236843,0.186308,0.208191,0.218461,0.206657,0.230554,0.197133,0.181326,0.188813,0.205671,0.205246,0.226453,0.20123,0.209228,0.209455,0.201038,0.182178,0.20311,0.183143,0.205678,0.235735,0.240639,0.212686,0.231042,0.211624,0.187686,0.211472
6.69588,0.244564,0.253277,0.270833,0.222447,0.216482,0.244478,0.245546,0.242325,0.207839,0.221589,0.238312,0.207928,0.228562,0.20054,0.187115,0.199191,0.2155,0.215394,0.233572,0.213892,0.223294,0.209965,0.211017,0.192937,0.209655,0.188567,0.220385,0.245194,0.247532,0.210709,0.230987,0.217752,0.200272,0.218476
7.19588,0.243606,0.257198,0.285832,0.229575,0.22883,0.251301,0.253719,0.252222,0.233228,0.235964,0.251618,0.211791,0.229339,0.209507,0.198407,0.213253,0.226682,0.224494,0.240951,0.230481,0.240646,0.216065,0.220167,0.205646,0.217726,0.199869,0.234582,0.254773,0.259653,0.210514,0.231265,0.2262,0.215763,0.228989
7.69588,0.246582,0.261036,0.296777,0.235994,0.239907,0.254588,0.261507,0.260713,0.256483,0.250202,0.260192,0.221617,0.231849,0.223411,0.212686,0.228978,0.236937,0.233368,0.248418,0.249817,0.257644,0.230015,0.226589,0.216126,0.226025,0.216548,0.245761,0.262725,0.274038,0.215319,0.236502,0.237192,0.233196,0.239554
8.19588,0.256217,0.26548,0.302034,0.242974,0.244987,0.252425,0.265506,0.263048,0.271415,0.259163,0.263841,0.231687,0.233322,0.234515,0.225505,0.237438,0.241972,0.240848,0.25476,0.264655,0.270401,0.244152,0.230328,0.221146,0.23151,0.232407,0.250171,0.265129,0.284692,0.221478,0.244161,0.245351,0.245346,0.245656
8.69588,0.265059,0.264757,0.29798,0.248704,0.241731,0.245361,0.260912,0.253225,0.273017,0.257818,0.263183,0.23423,0.228318,0.239241,0.231504,0.236191,0.23855,0.244438,0.255375,0.267305,0.271865,0.246558,0.228238,0.219489,0.228533,0.241076,0.247573,0.261194,0.286326,0.221568,0.242742,0.243874,0.245207,0.241188
9.19588,0.26306,0.25347,0.282436,0.250187,0.228982,0.231211,0.248157,0.233332,0.259512,0.243833,0.256498,0.223572,0.214137,0.233059,0.227138,0.226324,0.22561,0.23784,0.245331,0.257444,0.260982,0.231912,0.216746,0.210382,0.218135,0.238067,0.236331,0.250452,0.276265,0.211294,0.226708,0.22892,0.233789,0.228164
9.69588,0.246964,0.231661,0.258236,0.242911,0.208525,0.210171,0.231776,0.209338,0.236612,0.220012,0.24055,0.202014,0.190763,0.216462,0.213269,0.210489,0.206702,0.219053,0.223894,0.237299,0.244029,0.206123,0.197885,0.197097,0.201055,0.224762,0.215909,0.233808,0.25733,0.193103,0.20141,0.201478,0.21474,0.211142
10.1959,0.223058,0.207156,0.233935,0.229071,0.186581,0.188944,0.21641,0.186299,0.212749,0.19749,0.218694,0.17978,0.166587,0.196128,0.194536,0.194333,0.187271,0.192663,0.194484,0.216839,0.2264,0.183126,0.178858,0.1806,0.181413,0.206535,0.193067,0.214168,0.236407,0.173688,0.178325,0.171563,0.195632,0.19473
10.6959,0.205367,0.193109,0.21851,0.216639,0.173158,0.175832,0.207397,0.173127,0.196479,0.185921,0.198077,0.166406,0.152826,0.178133,0.180733,0.182754,0.173184,0.167572,0.168627,0.205271,0.215556,0.172098,0.168863,0.168193,0.166263,0.190863,0.176981,0.197748,0.221555,0.161829,0.168904,0.153769,0.184113,0.185456
11.1959,0.201901,0.197958,0.216871,0.212645,0.176275,0.180677,0.207832,0.174546,0.194682,0.190271,0.187705,0.168348,0.157559,0.17221,0.179803,0.182121,0.169998,0.15596,0.158333,0.204676,0.214555,0.175597,0.174097,0.168191,0.161139,0.185633,0.177664,0.195398,0.219494,0.163621,0.176544,0.156784,0.184989,0.185355
11.6959,0.214415,0.219784,0.227104,0.222355,0.196202,0.201685,0.218484,0.191059,0.206919,0.208638,0.196714,0.184667,0.179209,0.184347,0.194308,0.196773,0.180315,0.16261,0.167864,0.215328,0.22344,0.191135,0.191805,0.182985,0.169665,0.195596,0.197481,0.211,0.229241,0.180562,0.19713,0.179581,0.199504,0.195201
12.1959,0.238923,0.248167,0.24578,0.242395,0.225011,0.227951,0.235899,0.217493,0.228254,0.233178,0.222717,0.209481,0.209202,0.212882,0.221198,0.22393,0.202164,0.1853,0.192259,0.231646,0.238807,0.214267,0.216392,0.211975,0.19025,0.218138,0.227799,0.238485,0.246431,0.208596,0.222771,0.211242,0.224395,0.212478
12.6959,0.26671,0.272604,0.26609,0.264534,0.252312,0.250671,0.257088,0.246544,0.252,0.256741,0.255826,0.235081,0.238339,0.24782,0.252833,0.254462,0.230008,0.215162,0.221559,0.249162,0.25521,0.23865,0.243054,0.24666,0.214332,0.244514,0.25637,0.266153,0.264858,0.238125,0.246738,0.239402,0.250459,0.230942
13.1959,0.292485,0.288354,0.283089,0.282842,0.275311,0.268083,0.280353,0.271914,0.27325,0.276367,0.287616,0.255609,0.26072,0.279732,0.28155,0.281216,0.257323,0.241522,0.247999,0.265902,0.268022,0.260157,0.26822,0.279198,0.234243,0.266789,0.275152,0.286016,0.279449,0.263003,0.2669,0.259816,0.270323,0.245478
13.6959,0.312693,0.298164,0.296177,0.297175,0.294834,0.282392,0.303506,0.290567,0.291486,0.291785,0.312589,0.270136,0.274655,0.301155,0.301896,0.300537,0.278399,0.259472,0.268836,0.279597,0.27587,0.275654,0.289126,0.30472,0.246607,0.282327,0.282767,0.297168,0.28869,0.280157,0.283868,0.273318,0.282522,0.25481
14.1959,0.326889,0.307044,0.30708,0.310718,0.311024,0.295962,0.323906,0.300898,0.309318,0.302946,0.329851,0.280646,0.281654,0.311049,0.311379,0.311208,0.291764,0.269057,0.282296,0.288858,0.281587,0.285465,0.303859,0.320977,0.252936,0.29202,0.284521,0.30247,0.294146,0.289717,0.297305,0.282657,0.288873,0.261695
14.6959,0.336144,0.316444,0.318135,0.32582,0.322801,0.308396,0.337381,0.304171,0.327569,0.309325,0.340317,0.28938,0.2852,0.312984,0.313047,0.31602,0.299221,0.27369,0.289068,0.294687,0.287993,0.293549,0.312529,0.327642,0.257492,0.296381,0.287675,0.305417,0.298471,0.295652,0.305795,0.290058,0.292916,0.266917
15.1959,0.341947,0.3264,0.328975,0.341346,0.330562,0.317523,0.342716,0.305913,0.344026,0.310731,0.343906,0.296526,0.289292,0.311591,0.312323,0.319632,0.303828,0.276646,0.292577,0.301725,0.295267,0.303387,0.317969,0.326755,0.263566,0.296175,0.296554,0.31042,0.303869,0.297738,0.30983,0.296221,0.297079,0.270642
15.6959,0.345266,0.334246,0.337119,0.353481,0.336527,0.322182,0.340597,0.311005,0.354888,0.308362,0.340971,0.303995,0.294558,0.311675,0.313112,0.324433,0.307547,0.278039,0.293107,0.30967,0.303264,0.313698,0.322782,0.323238,0.271509,0.291897,0.310156,0.318195,0.307846,0.298006,0.311392,0.301683,0.302545,0.272981
16.1959,0.34755,0.339198,0.339871,0.35799,0.342392,0.322804,0.335357,0.321093,0.358598,0.305119,0.334228,0.31158,0.29819,0.312952,0.315425,0.329884,0.309705,0.276507,0.291815,0.316792,0.30963,0.321515,0.328067,0.32125,0.279468,0.287534,0.323192,0.326285,0.308473,0.297206,0.312399,0.30557,0.309628,0.273831
16.6959,0.350265,0.34277,0.337645,0.353404,0.347985,0.323057,0.334603,0.330028,0.356653,0.302173,0.327194,0.318667,0.297429,0.312948,0.314234,0.332689,0.308382,0.271917,0.288036,0.318505,0.311532,0.324258,0.33284,0.320424,0.282365,0.284176,0.330059,0.33299,0.305342,0.294132,0.312765,0.305138,0.31693,0.272786
17.1959,0.350878,0.344281,0.331127,0.344623,0.348829,0.325258,0.340168,0.330396,0.351146,0.297591,0.322014,0.32052,0.288778,0.307907,0.305548,0.330271,0.300952,0.266024,0.282889,0.311693,0.306618,0.321762,0.334394,0.317956,0.276573,0.281856,0.328139,0.334557,0.298525,0.289573,0.309437,0.297764,0.320039,0.269821
17.6959,0.348717,0.344379,0.323349,0.338674,0.344442,0.329555,0.349577,0.322893,0.346175,0.291958,0.319769,0.316799,0.273837,0.299505,0.291853,0.324292,0.290044,0.260011,0.277414,0.300374,0.296598,0.318622,0.333261,0.313959,0.265022,0.279307,0.320824,0.331916,0.29212,0.283022,0.302493,0.28611,0.317989,0.265473
18.1959,0.345682,0.34462,0.317539,0.337158,0.339263,0.334927,0.359431,0.312947,0.343293,0.287131,0.319774,0.311602,0.260343,0.292299,0.278858,0.318379,0.280845,0.256027,0.27318,0.289953,0.287014,0.316744,0.331736,0.309781,0.253576,0.276756,0.31344,0.328864,0.28769,0.276925,0.295788,0.274845,0.313518,0.261194
18.6959,0.340296,0.343215,0.312466,0.340345,0.333147,0.339289,0.36646,0.3034,0.341513,0.282068,0.320165,0.304174,0.2469,0.286952,0.267927,0.31312,0.27317,0.253025,0.26919,0.281123,0.27785,0.315605,0.329625,0.306773,0.243678,0.274722,0.307042,0.324393,0.284058,0.271784,0.288711,0.264921,0.307031,0.258247
19.1959,0.335919,0.342153,0.308801,0.349613,0.328261,0.344142,0.372887,0.295436,0.343587,0.280259,0.322254,0.300374,0.23277,0.285375,0.25967,0.309522,0.268986,0.249238,0.264221,0.273557,0.270802,0.316387,0.328942,0.308241,0.235738,0.271916,0.303326,0.320778,0.282222,0.267481,0.281545,0.258765,0.301875,0.256235
